id	doc	line	kind	file	expect	heap
bi0003	BUILTIN	3	rule	m11/programs/bi0003.npk	run:0	-
bi0005	BUILTIN	5	rule	m11/programs/bi0005.npk	refuse	-
bi0010	BUILTIN	10	rule	m11/programs/bi0010.npk	refuse	-
bi0017	BUILTIN	17	rule	m11/programs/bi0017.npk	refuse	-
bi0018	BUILTIN	18	rule	m11/programs/bi0018.npk	refuse	-
bi0048	BUILTIN	48	rule	m11/programs/bi0048.npk	refuse:NITPICK-RESOLVE-001	-
bi0048b	BUILTIN	48	rule	m11/programs/bi0048b.npk	refuse:NITPICK-RESOLVE-001	-
bi0051	BUILTIN	51	rule	m11/programs/bi0051.npk	run:0	-
bi0052	BUILTIN	52	rule	m11/programs/bi0052.npk	refuse:NITPICK-TYPE-035	-
bi0054	BUILTIN	54	rule	m11/programs/bi0054.npk	refuse:NITPICK-RESOLVE-001	-
bi0054b	BUILTIN	54	rule	m11/programs/bi0054b.npk	refuse:NITPICK-RESOLVE-001	-
bi0057	BUILTIN	57	rule	m11/programs/bi0057.npk	run:0	-
bi0058	BUILTIN	58	rule	m11/programs/bi0058.npk	run:0	-
bi0077	BUILTIN	77	rule	m11/programs/bi0077.npk	run:0	-
bi0080	BUILTIN	80	rule	m11/programs/bi0080.npk	run:0	-
bi0081	BUILTIN	81	rule	m11/programs/bi0081.npk	refuse	-
bi0090	BUILTIN	90	row	m11/programs/bi0090.npk	ir!:call [^\n]*@npk_string_is_empty	-
bi0105	BUILTIN	105	rule	m11/programs/bi0105.npk	run:0	-
bi0105b	BUILTIN	105	rule	m11/programs/bi0105b.npk	refuse:NITPICK-TYPE-061	-
bi0106	BUILTIN	106	rule	m11/programs/bi0106.npk	run:0	-
bi0106b	BUILTIN	106	rule	m11/programs/bi0106b.npk	refuse:NITPICK-TYPE-060	-
bi0107	BUILTIN	107	rule	m11/programs/bi0107.npk	run:0	-
bi0109	BUILTIN	109	rule	m11/programs/bi0109.npk	refuse:NITPICK-TYPE-061	-
bi0112	BUILTIN	112	rule	m11/programs/bi0112.npk	refuse:NITPICK-TYPE-061	-
bi0122	BUILTIN	122	rule	m11/programs/bi0122.npk	run:96	-
bi0123b	BUILTIN	123	rule	m11/programs/bi0123b.npk	run:95	-
bi0123c	BUILTIN	123	rule	m11/programs/bi0123c.npk	run:92	-
bi0123d	BUILTIN	123	rule	m11/programs/bi0123d.npk	run:91	-
bi0123e	BUILTIN	123	rule	m11/programs/bi0123e.npk	run:91	-
bi0123f	BUILTIN	123	rule	m11/programs/bi0123f.npk	run:91	-
bi0123g	BUILTIN	123	rule	m11/programs/bi0123g.npk	run:91	-
bi0123h	BUILTIN	123	rule	m11/programs/bi0123h.npk	refuse	-
bi0127	BUILTIN	127	row	m11/programs/bi0127.npk	run:0	-
bi0128	BUILTIN	128	row	m11/programs/bi0128.npk	refuse:NITPICK-TYPE-054	-
bi0129	BUILTIN	129	row	m11/programs/bi0129.npk	run:0	-
bi0130	BUILTIN	130	row	m11/programs/bi0130.npk	run:0	-
bi0131	BUILTIN	131	row	m11/programs/bi0131.npk	run:0	-
bi0132	BUILTIN	132	row	m11/programs/bi0132.npk	run:95	-
bi0133	BUILTIN	133	row	m11/programs/bi0133.npk	run:0	-
bi0133b	BUILTIN	133	row	m11/programs/bi0133b.npk	ir:@memcpy\b|@llvm\.memcpy	-
bi0134	BUILTIN	134	row	m11/programs/bi0134.npk	run:0	-
bi0134b	BUILTIN	134	row	m11/programs/bi0134b.npk	ir:@memmove\b|@llvm\.memmove	-
bi0135	BUILTIN	135	row	m11/programs/bi0135.npk	run:0	-
bi0135b	BUILTIN	135	row	m11/programs/bi0135b.npk	ir:@memset\b|@llvm\.memset	-
bi0141	BUILTIN	141	rule	m11/programs/bi0141.npk	run:107	-
bi0146	BUILTIN	146	row	m11/programs/bi0146.npk	run:0	-
bi0146b	BUILTIN	146	row	m11/programs/bi0146b.npk	ir:\{ ptr, ptr, i64, i64, i64 \} @npk_arena_make\(i64[^,)]*, i64[^,)]*\)	-
bi0147	BUILTIN	147	row	m11/programs/bi0147.npk	run:0	-
bi0148	BUILTIN	148	row	m11/programs/bi0148.npk	run:0	-
bi0148b	BUILTIN	148	row	m11/programs/bi0148b.npk	refuse:NITPICK-TYPE-007	-
bi0148c	BUILTIN	148	row	m11/programs/bi0148c.npk	refuse	-
bi0149	BUILTIN	149	row	m11/programs/bi0149.npk	run:0	-
bi0150	BUILTIN	150	row	m11/programs/bi0150.npk	run:0	-
bi0151	BUILTIN	151	row	m11/programs/bi0151.npk	run:95	-
bi0152	BUILTIN	152	row	m11/programs/bi0152.npk	refuse:NITPICK-TYPE-062	-
bi0152b	BUILTIN	152	row	m11/programs/bi0152b.npk	run:0	-
bi0153	BUILTIN	153	row	m11/programs/bi0153.npk	run:0	-
bi0154	BUILTIN	154	row	m11/programs/bi0154.npk	run:107	-
bi0155	BUILTIN	155	row	m11/programs/bi0155.npk	run:0	-
bi0156	BUILTIN	156	row	m11/programs/bi0156.npk	run:0	-
bi0160	BUILTIN	160	rule	m11/programs/bi0160.npk	refuse	-
bi0160b	BUILTIN	160	rule	m11/programs/bi0160b.npk	refuse	-
bi0162	BUILTIN	162	rule	m11/programs/bi0162.npk	refuse	-
bi0189	BUILTIN	189	rule	m11/programs/bi0189.npk	refuse	-
bi0191	BUILTIN	191	rule	m11/programs/bi0191.npk	refuse	-
bi0193	BUILTIN	193	rule	m11/programs/bi0193.npk	refuse	-
bi0197	BUILTIN	197	rule	m11/programs/bi0197.npk	refuse	-
bi0198	BUILTIN	198	rule	m11/programs/bi0198.npk	refuse	-
bi0199	BUILTIN	199	rule	m11/programs/bi0199.npk	refuse	-
bi0200	BUILTIN	200	rule	m11/programs/bi0200.npk	refuse	-
bi0201	BUILTIN	201	rule	m11/programs/bi0201.npk	refuse	-
bi0205	BUILTIN	205	rule	m11/programs/bi0205.npk	refuse	-
bi0206	BUILTIN	206	rule	m11/programs/bi0206.npk	refuse	-
bi0207	BUILTIN	207	rule	m11/programs/bi0207.npk	refuse	-
bi0208	BUILTIN	208	rule	m11/programs/bi0208.npk	refuse	-
bi0211	BUILTIN	211	rule	m11/programs/bi0211.npk	refuse	-
bi0212	BUILTIN	212	rule	m11/programs/bi0212.npk	refuse	-
bi0213	BUILTIN	213	rule	m11/programs/bi0213.npk	refuse	-
bi0214	BUILTIN	214	rule	m11/programs/bi0214.npk	refuse	-
bi0217	BUILTIN	217	rule	m11/programs/bi0217.npk	refuse	-
bi0218	BUILTIN	218	rule	m11/programs/bi0218.npk	refuse	-
bi0219	BUILTIN	219	rule	m11/programs/bi0219.npk	refuse	-
bi0220	BUILTIN	220	rule	m11/programs/bi0220.npk	refuse	-
bi0212b	BUILTIN	212	rule	m11/programs/bi0212b.npk	refuse	-
bi0213b	BUILTIN	213	rule	m11/programs/bi0213b.npk	refuse	-
bi0214b	BUILTIN	214	rule	m11/programs/bi0214b.npk	refuse	-
bi0217b	BUILTIN	217	rule	m11/programs/bi0217b.npk	refuse	-
bi0190	BUILTIN	190	rule	m11/programs/bi0190.npk	run:0	-
bi0192	BUILTIN	192	rule	m11/programs/bi0192.npk	run:0	-
bi0196	BUILTIN	196	rule	m10/programs/t17_string_equals.npk	run:0	-
bi0204	BUILTIN	204	rule	m11/programs/bi0204.npk	run:0	-
bi0238	BUILTIN	238	row	m10/programs/t15_concat_empty.npk	run:0	-
bi0238b	BUILTIN	238	row	m11/programs/bi0238b.npk	run:0	-
bi0239	BUILTIN	239	row	m10/programs/t10_int_to_string.npk	run:0	-
bi0240	BUILTIN	240	row	m10/programs/t05_slice_half_open.npk	run:0	-
bi0240b	BUILTIN	240	row	m11/programs/bi0240b.npk	run:0	-
bi0240c	BUILTIN	240	row	m11/programs/bi0240c.npk	run:0	0/0/0
bi0241	BUILTIN	241	row	m11/programs/bi0241.npk	run:0	*/*/1
bi0241b	BUILTIN	241	row	m10/programs/t07_bytes_view_bounds.npk	run:94	-
bi0242	BUILTIN	242	row	m11/programs/bi0242.npk	run:94	-
bi0242b	BUILTIN	242	row	m11/programs/bi0242b.npk	run:0	-
bi0242c	BUILTIN	242	row	m11/programs/bi0242c.npk	run:94	-
bi0243	BUILTIN	243	row	m11/programs/bi0243.npk	run:0	-
bi0244	BUILTIN	244	row	m11/programs/bi0244.npk	run:0	-
bi0245	BUILTIN	245	row	m11/programs/bi0245.npk	run:0	-
bi0246	BUILTIN	246	row	m11/programs/bi0246.npk	run:0	-
bi0247	BUILTIN	247	row	m11/programs/bi0247.npk	run:0	-
bi0248	BUILTIN	248	row	m11/programs/bi0248.npk	run:0	-
bi0249	BUILTIN	249	row	m11/programs/bi0249.npk	run:0	-
bi0249b	BUILTIN	249	row	m11/programs/bi0249b.npk	run:0	-
bi0250	BUILTIN	250	row	m11/programs/bi0250.npk	run:0	-
bi0250b	BUILTIN	250	row	m11/programs/bi0250b.npk	run:0	1000000/1000/1000
bi0251	BUILTIN	251	row	m11/programs/bi0251.npk	run:0	-
bi0251b	BUILTIN	251	row	m11/programs/bi0251b.npk	refuse	-
bi0252	BUILTIN	252	row	m11/programs/bi0252.npk	run:0	-
bi0253	BUILTIN	253	row	m11/programs/bi0253.npk	run:0	-
bi0254	BUILTIN	254	row	m11/programs/bi0254.npk	run:0	-
bi0255	BUILTIN	255	row	m11/programs/bi0255.npk	run:0	-
bi0256	BUILTIN	256	row	m11/programs/bi0256.npk	refuse	-
bi0256b	BUILTIN	256	row	m11/programs/bi0256b.npk	run:0	-
bi0257	BUILTIN	257	row	m11/programs/bi0257.npk	run:0	-
bi0258	BUILTIN	258	row	m11/programs/bi0258.npk	run:0	-
bi0259	BUILTIN	259	row	m11/programs/bi0259.npk	run:0	-
bi0260	BUILTIN	260	row	m11/programs/bi0260.npk	run:0	-
bi0261	BUILTIN	261	row	m11/programs/bi0261.npk	run:0	-
bi0261c	BUILTIN	261	row	m11/programs/bi0261c.npk	run:0	-
bi0261b	BUILTIN	261	row	m11/programs/bi0261b.npk	refuse	-
bi0262	BUILTIN	262	row	m11/programs/bi0262.npk	run:42	-
bi0263	BUILTIN	263	row	m11/programs/bi0263.npk	run:42	-
bi0264	BUILTIN	264	row	m11/programs/bi0264.npk	run:0	-
bi0265	BUILTIN	265	row	m11/programs/bi0265.npk	run:0	-
bi0266	BUILTIN	266	row	m11/programs/bi0266.npk	run:0	-
bi0267	BUILTIN	267	row	m11/programs/bi0267.npk	run:0	-
bi0268	BUILTIN	268	row	m11/programs/bi0268.npk	run:0	-
bi0269	BUILTIN	269	row	m11/programs/bi0269.npk	run:0	-
bi0269b	BUILTIN	269	row	m11/programs/bi0269b.npk	run:0	-
bi0270	BUILTIN	270	row	m11/programs/bi0270.npk	run:0	-
bi0272	BUILTIN	272	rule	m11/programs/bi0272.npk	run:0	-
bi0274	BUILTIN	274	rule	m10/programs/t12_to_cstring_interior_nul.npk	run:0	-
bi0274c	BUILTIN	274	rule	m10/programs/t06_slice_out_of_range.npk	run:0	-
bi0277	BUILTIN	277	rule	m10/programs/v05_min_div_minus_one.npk	run:98	-
bi0277b	BUILTIN	277	rule	m11/programs/bi0277b.npk	run:94	-
bi0278	BUILTIN	278	rule	m11/programs/bi0278.npk	run:110	-
bi0277c	BUILTIN	277	rule	m11/programs/bi0277c.npk	run:97	-
bi0290	BUILTIN	290	row	m11/programs/bi0290.npk	run:0	-
bi0291	BUILTIN	291	row	m10/programs/t01_byte_length_utf8.npk	run:0	-
bi0291b	BUILTIN	291	row	m11/programs/bi0291b.npk	run:0	-
bi0292	BUILTIN	292	row	m11/programs/bi0292.npk	run:0	-
bi0300	BUILTIN	300	rule	m11/programs/bi0300.npk	refuse	-
bi0311	BUILTIN	311	row	m11/programs/bi0311.npk	ir:^declare \{ i64, i32 \} @npk_arena_alloc\(ptr[^,)]*, i64[^,)]*\)	-
bi0312	BUILTIN	312	row	m11/programs/bi0312.npk	ir:^declare ptr @npk_arena_at\(ptr[^,)]*, i64[^,)]*, i64[^,)]*, i32[^,)]*\)	-
bi0313	BUILTIN	313	row	m11/programs/bi0313.npk	ir:^declare i32 @npk_arena_free\(ptr[^,)]*, i64[^,)]*, i64[^,)]*, i32[^,)]*\)	-
bi0314	BUILTIN	314	row	m11/programs/bi0314.npk	ir:^declare void @npk_arena_reset\(ptr[^,)]*, i64[^,)]*\)	-
bi0315	BUILTIN	315	row	m11/programs/bi0315.npk	ir:^declare void @npk_arena_destroy\(ptr[^,)]*\)	-
bi0316	BUILTIN	316	row	m11/programs/bi0316.npk	ir:^declare i64 @npk_sarena_bump\(ptr[^,)]*, i64[^,)]*\)	-
bi0317	BUILTIN	317	row	m11/programs/bi0317.npk	ir:^declare ptr @npk_sarena_slot\(ptr[^,)]*, i64[^,)]*, i64[^,)]*\)	-
bi0318	BUILTIN	318	row	m11/programs/bi0318.npk	ir:^declare void @npk_sarena_destroy\(ptr[^,)]*\)	-
bi0319	BUILTIN	319	row	m11/programs/bi0319.npk	ir:^declare void @npk_exit\(i32[^,)]*\)	-
bi0323	BUILTIN	323	rule	m11/programs/bi0323.npk	run:0	-
bi0337	BUILTIN	337	row	m11/programs/bi0337.npk	run:0	-
bi0341	BUILTIN	341	rule	m11/programs/bi0341.npk	refuse	-
bi0344	BUILTIN	344	rule	m11/programs/bi0344.npk	refuse	-
bi0346	BUILTIN	346	rule	m11/programs/bi0346.npk	refuse	-
bi0348	BUILTIN	348	rule	m11/programs/bi0348.npk	refuse	-
bi0350	BUILTIN	350	rule	m11/programs/bi0350.npk	run:0	-
bi0368	BUILTIN	368	rule	m11/programs/bi0368.sh	sh:0	-
bi0375	BUILTIN	375	rule	m11/programs/bi0375.sh	sh:0	-
bi0378	BUILTIN	378	rule	m11/programs/bi0378.npk	refuse	-
bi0379	BUILTIN	379	rule	m11/programs/bi0379.npk	refuse	-
bi0381	BUILTIN	381	rule	m11/programs/bi0381.npk	refuse	-
bi0384	BUILTIN	384	rule	m11/programs/bi0384.npk	refuse	-
bi0386	BUILTIN	386	rule	m11/programs/bi0386.npk	run:0	-
bi0399	BUILTIN	399	row	m11/programs/bi0399.npk	run:0	-
bi0400	BUILTIN	400	row	m11/programs/bi0400.npk	refuse	-
bi0401	BUILTIN	401	row	m11/programs/bi0401.npk	run:0	-
bi0403	BUILTIN	403	rule	m11/programs/bi0403.npk	refuse	-
bi0408	BUILTIN	408	rule	m11/programs/bi0408.npk	refuse	-
bi0409	BUILTIN	409	rule	m11/programs/bi0409.npk	refuse	-
bi0416	BUILTIN	416	row	m11/programs/bi0416.npk	run:0	-
bi0417	BUILTIN	417	row	m11/programs/bi0417.npk	run:0	-
bi0417b	BUILTIN	417	row	m11/programs/bi0417b.npk	refuse	-
bi0418	BUILTIN	418	row	m11/programs/bi0418.npk	run:94	-
bi0418b	BUILTIN	418	row	m11/programs/bi0418b.npk	refuse:NITPICK-TYPE-061	-
bi0418c	BUILTIN	418	row	m11/programs/bi0418c.npk	run:0	-
bi0419	BUILTIN	419	row	m11/programs/bi0419.npk	run:0	-
bi0419b	BUILTIN	419	row	m11/programs/bi0419b.npk	refuse	-
bi0420	BUILTIN	420	row	m10/programs/f03_sqrt_of_negative.npk	run:0	-
bi0420b	BUILTIN	420	row	m11/programs/bi0420b.npk	refuse	-
bi0420c	BUILTIN	420	row	m11/programs/bi0420c.npk	ir:@llvm\.sqrt\.f64	-
bi0421	BUILTIN	421	row	m11/programs/bi0421.npk	run:95	-
bi0421b	BUILTIN	421	row	m11/programs/bi0421b.npk	refuse	-
bi0432	BUILTIN	432	row	m11/programs/bi0432.npk	run:0	-
bi0434	BUILTIN	434	rule	m11/programs/bi0434.npk	refuse	-
bi0439	BUILTIN	439	example	m11/programs/bi0439.npk	run:0	-
cc0020	CONCURRENCY	20	row	m11/programs/cc0020.npk	run:0	-
cc0021	CONCURRENCY	21	row	m11/programs/cc0021.npk	run:0	-
cc0027b	CONCURRENCY	27	rule	m11/programs/cc0027b.npk	run:0	-
cc0027	CONCURRENCY	27	rule	m11/programs/cc0027.npk	run:0	-
cc0035	CONCURRENCY	35	rule	m11/programs/cc0035.npk	refuse	-
cc0042	CONCURRENCY	42	example	m11/programs/cc0042.npk	run:0	-
cc0053	CONCURRENCY	53	rule	m11/programs/cc0053.npk	refuse	-
cc0053b	CONCURRENCY	53	rule	m11/programs/cc0053b.npk	run:0	-
cc0055	CONCURRENCY	55	rule	m11/programs/cc0055.npk	refuse	-
cc0056	CONCURRENCY	56	rule	m11/programs/cc0056.npk	refuse	-
cc0059	CONCURRENCY	59	example	m11/programs/cc0059.npk	run:0	-
cc0060	CONCURRENCY	60	rule	m11/programs/cc0060.npk	run:0	-
cc0061	CONCURRENCY	61	rule	m11/programs/cc0061.npk	run:0	-
cc0062	CONCURRENCY	62	rule	m11/programs/cc0062.npk	run:99	-
cc0065	CONCURRENCY	65	rule	m11/programs/cc0065.npk	refuse	-
cc0066	CONCURRENCY	66	rule	m11/programs/cc0066.npk	refuse:NITPICK-040	-
cc0070	CONCURRENCY	70	rule	m11/programs/cc0070.npk	run:0	-
cc0073	CONCURRENCY	73	example	m11/programs/cc0073.npk	run:0	-
cc0079	CONCURRENCY	79	rule	m11/programs/cc0079.npk	run:0	-
cc0080	CONCURRENCY	80	rule	m11/programs/cc0080.npk	run:0	-
cc0081	CONCURRENCY	81	rule	m11/programs/cc0081.npk	run:0	-
cc0082	CONCURRENCY	82	rule	m11/programs/cc0082.npk	refuse	-
cc0092	CONCURRENCY	92	rule	m11/programs/cc0092.npk	run:0	-
cc0091	CONCURRENCY	91	rule	m11/programs/cc0091.npk	run:0	-
cc0097	CONCURRENCY	97	rule	m11/programs/cc0097.npk	run:97	-
cc0100	CONCURRENCY	100	rule	m11/programs/cc0100.npk	run:101	-
cc0115	CONCURRENCY	115	rule	m11/programs/cc0115.npk	run:0	-
cc0130	CONCURRENCY	130	rule	m11/programs/cc0130.npk	ir:@llvm\.coro\.	-
cc0132	CONCURRENCY	132	example	m11/programs/cc0132.npk	ir:%Future = type \{ ptr, ptr \}	-
cc0141	CONCURRENCY	141	rule	m11/programs/cc0141.npk	refuse	-
cc0142	CONCURRENCY	142	rule	m11/programs/cc0142.npk	run:0	-
cc0143	CONCURRENCY	143	rule	m11/programs/cc0143.npk	refuse	-
cc0146	CONCURRENCY	146	rule	m11/programs/cc0146.npk	run:0	-
cc0151	CONCURRENCY	151	rule	m11/programs/cc0151.npk	run:0	-
cc0151b	CONCURRENCY	151	rule	m11/programs/cc0151b.npk	run:0	-
cc0151c	CONCURRENCY	151	rule	m11/programs/cc0151c.npk	refuse	-
cc0220	CONCURRENCY	220	rule	m11/programs/cc0220.npk	ir:atomicrmw add 	-
cc0220b	CONCURRENCY	220	rule	m11/programs/cc0220b.npk	ir!:@[\w.$]*shim	-
cc0243	CONCURRENCY	243	example	m11/programs/cc0243.npk	run:0	-
cc0244	CONCURRENCY	244	rule	m11/programs/cc0244.npk	run:0	-
cc0247	CONCURRENCY	247	rule	m11/programs/cc0247.npk	run:0	-
cc0250	CONCURRENCY	250	rule	m11/programs/cc0250.npk	run:0	-
cc0253	CONCURRENCY	253	rule	m11/programs/cc0253.npk	refuse	-
cc0258	CONCURRENCY	258	rule	m11/programs/cc0258.npk	refuse	-
cc0259b	CONCURRENCY	259	rule	m11/programs/cc0259b.npk	run:0	-
cc0260	CONCURRENCY	260	rule	m11/programs/cc0260.npk	refuse	-
cc0260b	CONCURRENCY	260	rule	m11/programs/cc0260b.npk	run:0	-
cc0264	CONCURRENCY	264	rule	m11/programs/cc0264.npk	refuse	-
cc0266	CONCURRENCY	266	rule	m11/programs/cc0266.npk	run:0	-
cc0268	CONCURRENCY	268	example	m11/programs/cc0268.npk	run:0	-
cc0276	CONCURRENCY	276	rule	m11/programs/cc0276.npk	ir:\A(?=[\s\S]*?load atomic i32[^\n]*seq_cst)(?=[\s\S]*?store atomic i32[^\n]*seq_cst)(?=[\s\S]*?atomicrmw xchg[^\n]*seq_cst)(?=[\s\S]*?atomicrmw add[^\n]*seq_cst)(?=[\s\S]*?atomicrmw sub[^\n]*seq_cst)(?=[\s\S]*?cmpxchg[^\n]*seq_cst seq_cst)	-
cc0277	CONCURRENCY	277	rule	m11/programs/cc0277.npk	refuse	-
cc0278	CONCURRENCY	278	rule	m11/programs/cc0278.npk	refuse	-
cc0278b	CONCURRENCY	278	rule	m11/programs/cc0278b.npk	refuse	-
cc0278c	CONCURRENCY	278	rule	m11/programs/cc0278c.npk	refuse	-
cc0297	CONCURRENCY	297	rule	m11/programs/cc0297.npk	refuse	-
cc0298	CONCURRENCY	298	rule	m11/programs/cc0298.npk	refuse	-
cc0298b	CONCURRENCY	298	rule	m11/programs/cc0298b.npk	refuse	-
cc0298c	CONCURRENCY	298	rule	m11/programs/cc0298c.npk	refuse	-
cc0309	CONCURRENCY	309	row	m11/programs/cc0309.npk	run:0	-
cc0309b	CONCURRENCY	309	row	m11/programs/cc0309b.npk	refuse	-
cc0310	CONCURRENCY	310	row	m11/programs/cc0310.npk	refuse	-
cc0310b	CONCURRENCY	310	row	m11/programs/cc0310b.npk	run:0	-
cc0310c	CONCURRENCY	310	row	m11/programs/cc0310c.npk	run:0	-
cc0311	CONCURRENCY	311	row	m11/programs/cc0311.npk	refuse	-
cc0311b	CONCURRENCY	311	row	m11/programs/cc0311b.npk	run:0	-
cc0321	CONCURRENCY	321	rule	m11/programs/cc0321.npk	refuse	-
cc0332	CONCURRENCY	332	rule	m11/programs/cc0332.npk	run:0	-
cc0373	CONCURRENCY	373	example	m11/programs/cc0373.npk	run:0	-
cc0379	CONCURRENCY	379	row	m11/programs/cc0379.npk	refuse	-
cc0380	CONCURRENCY	380	row	m11/programs/cc0380.npk	refuse	-
cc0380b	CONCURRENCY	380	row	m11/programs/cc0380b.npk	run:0	-
cc0381	CONCURRENCY	381	row	m11/programs/cc0381.npk	run:0	-
cc0383	CONCURRENCY	383	rule	m11/programs/cc0383.npk	run:0	-
cc0386	CONCURRENCY	386	rule	m11/programs/cc0386.npk	run:0	-
cc0394	CONCURRENCY	394	rule	m11/programs/cc0394.npk	refuse	-
cc0399	CONCURRENCY	399	rule	m11/programs/cc0399.npk	run:0	-
cc0403	CONCURRENCY	403	example	m11/programs/cc0403.npk	run:0	-
cc0409	CONCURRENCY	409	rule	m11/programs/cc0409.npk	refuse	-
cc0415	CONCURRENCY	415	rule	m11/programs/cc0415.npk	run:0	-
cc0417	CONCURRENCY	417	rule	m11/programs/cc0417.npk	run:0	-
cc0421	CONCURRENCY	421	rule	m11/programs/cc0421.npk	run:0	-
cc0422	CONCURRENCY	422	rule	m11/programs/cc0422.npk	run:0	-
cc0426	CONCURRENCY	426	rule	m11/programs/cc0426.npk	run:0	-
cc0426b	CONCURRENCY	426	rule	m11/programs/cc0426b.npk	ir:icmp (eq|ne) i32 [^\n]*[ ,(]-?4107\b	-
cc0427	CONCURRENCY	427	rule	m11/programs/cc0427.npk	run:0	-
cc0428	CONCURRENCY	428	rule	m11/programs/cc0428.npk	refuse	-
cc0429	CONCURRENCY	429	rule	m11/programs/cc0429.npk	refuse	-
cc0431	CONCURRENCY	431	rule	m11/programs/cc0431.npk	refuse	-
cc0431b	CONCURRENCY	431	rule	m11/programs/cc0431b.npk	refuse	-
cc0442	CONCURRENCY	442	rule	m11/programs/cc0442.npk	run:0	-
cc0454	CONCURRENCY	454	rule	m11/programs/cc0454.npk	refuse	-
cc0455	CONCURRENCY	455	rule	m11/programs/cc0455.npk	refuse	-
cc0458	CONCURRENCY	458	rule	m11/programs/cc0458.npk	run:0	-
cc0478	CONCURRENCY	478	rule	m11/programs/cc0478.npk	run:0	-
cc0479	CONCURRENCY	479	rule	m11/programs/cc0479.npk	ir:icmp (eq|ne) i32 [^\n]*[ ,(]-?4106\b	-
cc0482	CONCURRENCY	482	rule	m11/programs/cc0482.npk	run:0	-
cc0489	CONCURRENCY	489	rule	m11/programs/cc0489.npk	run:0	-
cc0492	CONCURRENCY	492	rule	m11/programs/cc0492.npk	refuse	-
cc0501	CONCURRENCY	501	example	m11/programs/cc0501.npk	run:0	-
cc0518	CONCURRENCY	518	rule	m11/programs/cc0518.npk	run:0	-
cc0523	CONCURRENCY	523	rule	m11/programs/cc0523.npk	run:0	-
cc0528	CONCURRENCY	528	rule	m11/programs/cc0528.npk	run:0	-
cc0535	CONCURRENCY	535	example	m11/programs/cc0535.npk	run:0	-
cc0566	CONCURRENCY	566	row	m11/programs/cc0566.npk	run:0	-
cc0567	CONCURRENCY	567	row	m11/programs/cc0567.npk	run:0	-
cc0568	CONCURRENCY	568	row	m11/programs/cc0568.npk	refuse	-
cc0568b	CONCURRENCY	568	row	m11/programs/cc0568b.npk	run:0	-
cc0569	CONCURRENCY	569	row	m11/programs/cc0569.npk	run:0	-
cc0569b	CONCURRENCY	569	row	m11/programs/cc0569b.npk	refuse	-
cc0571	CONCURRENCY	571	rule	m11/programs/cc0571.npk	refuse	-
cc0574	CONCURRENCY	574	example	m11/programs/cc0574.npk	run:0	-
cc0581	CONCURRENCY	581	rule	m11/programs/cc0581.npk	refuse	-
cc0609	CONCURRENCY	609	rule	m11/programs/cc0609.npk	refuse	-
cc0609b	CONCURRENCY	609	rule	m11/programs/cc0609b.npk	refuse	-
cc0609c	CONCURRENCY	609	rule	m11/programs/cc0609c.npk	run:0	-
cc0614	CONCURRENCY	614	rule	m11/programs/cc0614.npk	refuse	-
cc0628	CONCURRENCY	628	rule	m11/programs/cc0628.npk	run:96	-
cc0632	CONCURRENCY	632	rule	m11/programs/cc0632.npk	run:93	-
cc0636	CONCURRENCY	636	rule	m11/programs/cc0636.npk	run:0	-
cc0637	CONCURRENCY	637	rule	m11/programs/cc0637.npk	refuse	-
cc0646	CONCURRENCY	646	rule	m11/programs/cc0646.npk	run:70	-
io0014	IO	14	rule	m11/programs/io0014.npk	run:0	-
io0015b	IO	15	rule	m11/programs/io0015b.npk	run:0	-
io0015c	IO	15	rule	m11/programs/io0015c.npk	run:0	-
io0015d	IO	15	rule	m11/programs/io0015d.npk	run:0	-
io0015e	IO	15	rule	m11/programs/io0015e.npk	run:0	-
io0022	IO	22	rule	m11/programs/io0022.npk	run:0	-
io0025	IO	25	example	m11/programs/io0025.npk	run:0	-
io0036	IO	36	rule	m11/programs/io0036.npk	refuse	-
io0039	IO	39	rule	m11/programs/io0039.npk	refuse:TYPE-048	-
io0045	IO	45	rule	m11/programs/io0045.npk	refuse	-
io0050	IO	50	rule	m11/programs/io0050.npk	refuse	-
io0052	IO	52	rule	m11/programs/io0052.npk	run:0	-
io0063	IO	63	rule	m11/programs/io0063.npk	run:0	-
io0070	IO	70	example	m11/programs/io0070.npk	run:0	-
io0074	IO	74	rule	m11/programs/io0074.npk	run:0	-
io0075	IO	75	rule	m11/programs/io0075.npk	run:0	-
io0075b	IO	75	rule	m11/programs/io0075b.npk	ir:icmp (eq|ne) i32 [^\n]*[ ,(]-?4096\b	-
io0078	IO	78	rule	m11/programs/io0078.npk	run:0	-
io0090	IO	90	rule	m11/programs/io0090.npk	run:0	-
io0099	IO	99	rule	m11/programs/io0099.npk	refuse	-
io0103	IO	103	row	m11/programs/io0103.npk	run:0	-
io0104	IO	104	row	m11/programs/io0104.npk	run:0	-
io0105	IO	105	row	m11/programs/io0105.npk	run:0	-
io0106	IO	106	row	m11/programs/io0106.npk	refuse	-
io0111	IO	111	rule	m11/programs/io0111.npk	run:0	-
io0115	IO	115	example	m11/programs/io0115.npk	run:0	-
io0117	IO	117	rule	m11/programs/io0117.npk	run:0	-
io0121	IO	121	rule	m11/programs/io0121.npk	refuse	-
io0124	IO	124	rule	m11/programs/io0124.npk	refuse	-
io0135	IO	135	row	m11/programs/io0135.npk	run:0	-
io0136	IO	136	row	m11/programs/io0136.npk	run:0	-
io0151	IO	151	rule	m11/programs/io0151.npk	run:0	-
io0157	IO	157	rule	m11/programs/io0157.npk	run:93	-
io0158	IO	158	rule	m11/programs/io0158.sh	sh:0	-
io0163	IO	163	rule	m11/programs/io0163.sh	sh:0	-
io0175	IO	175	example	m11/programs/io0175.npk	run:0	-
io0184	IO	184	rule	m11/programs/io0184.npk	run:0	-
io0187	IO	187	rule	m11/programs/io0187.npk	refuse	-
io0188	IO	188	rule	m11/programs/io0188.npk	run:0	-
io0188b	IO	188	rule	m11/programs/io0188b.npk	run:0	-
io0188c	IO	188	rule	m11/programs/io0188c.npk	run:0	-
io0189	IO	189	rule	m11/programs/io0189.npk	run:0	-
io0191	IO	191	rule	m11/programs/io0191.npk	run:0	-
io0196	IO	196	rule	m11/programs/io0196.npk	run:0	-
io0204	IO	204	rule	m11/programs/io0204.npk	run:0	-
io0210	IO	210	rule	m11/programs/io0210.npk	refuse	-
io0212	IO	212	rule	m11/programs/io0212.npk	run:0	-
io0213	IO	213	rule	m11/programs/io0213.npk	refuse	-
io0215	IO	215	rule	m11/programs/io0215.npk	refuse	-
io0216	IO	216	rule	m11/programs/io0216.npk	refuse	-
io0218	IO	218	rule	m11/programs/io0218.npk	run:0	-
io0220	IO	220	rule	m11/programs/io0220.npk	refuse	-
io0227	IO	227	example	m11/programs/io0227.npk	run:0	-
io0231	IO	231	rule	m11/programs/io0231.npk	refuse	-
io0231b	IO	231	rule	m11/programs/io0231b.npk	run:0	-
io0232	IO	232	rule	m11/programs/io0232.npk	run:0	-
io0239	IO	239	rule	m11/programs/io0239.npk	run:0	-
io0242	IO	242	rule	m11/programs/io0242.npk	refuse	-
io0242b	IO	242	rule	m11/programs/io0242b.npk	refuse	-
io0248	IO	248	rule	m11/programs/io0248.npk	run:0	-
io0249	IO	249	rule	m11/programs/io0249.npk	run:0	-
io0250	IO	250	rule	m11/programs/io0250.npk	run:0	-
io0261	IO	261	row	m11/programs/io0261.npk	refuse	-
io0262	IO	262	row	m11/programs/io0262.npk	run:0	-
io0267	IO	267	rule	m11/programs/io0267.npk	refuse	-
io0268	IO	268	rule	m11/programs/io0268.npk	run:0	-
io0269	IO	269	rule	m11/programs/io0269.npk	run:0	-
mc0022	MACRO	22	example	m11/programs/mc0022.npk	run:0	-
mc0026	MACRO	26	rule	m11/programs/mc0026.npk	refuse	-
mc0032	MACRO	32	row	m11/programs/mc0032.npk	run:0	-
mc0033	MACRO	33	row	m11/programs/mc0033.npk	run:0	-
mc0034	MACRO	34	row	m11/programs/mc0034.npk	run:0	-
mc0035	MACRO	35	row	m11/programs/mc0035.npk	run:0	-
mc0037	MACRO	37	rule	m11/programs/mc0037.npk	refuse	-
mc0039	MACRO	39	rule	m11/programs/mc0039.npk	run:0	-
mc0043	MACRO	43	rule	m11/programs/mc0043.npk	run:0	-
mc0044	MACRO	44	rule	m11/programs/mc0044.npk	run:0	-
mc0046	MACRO	46	rule	m11/programs/mc0046.npk	run:0	-
mc0046b	MACRO	46	rule	m11/programs/mc0046b.npk	run:0	-
mc0048	MACRO	48	rule	m11/programs/mc0048.npk	run:0	-
mc0053	MACRO	53	example	m11/programs/mc0053.npk	run:0	-
mc0060	MACRO	60	example	m11/programs/mc0060.npk	run:0	-
mc0070	MACRO	70	rule	m11/programs/mc0070.npk	refuse	-
mc0071	MACRO	71	rule	m11/programs/mc0071.npk	refuse	-
mc0076	MACRO	76	row	m11/programs/mc0076.npk	run:0	-
mc0077	MACRO	77	row	m11/programs/mc0077.npk	run:0	-
mc0078	MACRO	78	row	m11/programs/mc0078.npk	run:0	-
mc0079	MACRO	79	row	m11/programs/mc0079.npk	run:0	-
mc0080	MACRO	80	row	m11/programs/mc0080.npk	refuse	-
mc0085	MACRO	85	rule	m11/programs/mc0085.npk	refuse	-
mc0085b	MACRO	85	rule	m11/programs/mc0085b.npk	refuse	-
mc0088	MACRO	88	rule	m11/programs/mc0088.npk	refuse	-
mc0094	MACRO	94	rule	m11/programs/mc0094.npk	run:0	-
mc0097	MACRO	97	example	m11/programs/mc0097.npk	run:0	-
mc0105	MACRO	105	rule	m11/programs/mc0105.npk	run:0	-
mc0105b	MACRO	105	rule	m11/programs/mc0105b.npk	run:0	-
mc0112	MACRO	112	example	m11/programs/mc0112.npk	run:0	-
mc0120	MACRO	120	rule	m11/programs/mc0120.npk	run:0	-
mc0121	MACRO	121	rule	m11/programs/mc0121.npk	run:0	-
mc0126	MACRO	126	example	m11/programs/mc0126.npk	run:0	-
mc0132	MACRO	132	rule	m11/programs/mc0132.npk	run:0	-
mc0136	MACRO	136	example	m11/programs/mc0136.npk	run:0	-
mc0146	MACRO	146	rule	m11/programs/mc0146.npk	run:0	-
mc0149	MACRO	149	rule	m11/programs/mc0149.npk	run:0	-
mc0150	MACRO	150	rule	m11/programs/mc0150/mc0150.npk	refuse	-
mc0151	MACRO	151	rule	m11/programs/mc0151.npk	refuse:NITPICK-MACRO-007	-
mc0154	MACRO	154	rule	m11/programs/mc0154/mc0154.npk	refuse:NITPICK-MACRO-007	-
mc0159	MACRO	159	example	m11/programs/mc0159.npk	run:0	-
mc0171	MACRO	171	rule	m11/programs/mc0171.npk	refuse	-
mc0176	MACRO	176	example	m11/programs/mc0176.npk	run:0	-
mc0180	MACRO	180	rule	m11/programs/mc0180.npk	run:0	-
mc0181	MACRO	181	rule	m11/programs/mc0181.npk	refuse	-
mc0186	MACRO	186	rule	m11/programs/mc0186.npk	run:0	-
mc0188	MACRO	188	rule	m11/programs/mc0188.npk	run:0	-
mc0193	MACRO	193	rule	m11/programs/mc0193.npk	refuse:NITPICK-RESOLVE-002	-
mc0194	MACRO	194	rule	m11/programs/mc0194.npk	refuse:NITPICK-MACRO-008	-
mc0201	MACRO	201	row	m11/programs/mc0201.npk	run:0	-
mc0202	MACRO	202	row	m11/programs/mc0202.npk	run:0	-
mc0203	MACRO	203	row	m11/programs/mc0203.npk	run:0	-
mc0207	MACRO	207	rule	m11/programs/mc0207.npk	run:0	-
mc0207b	MACRO	207	rule	m11/programs/mc0207b.npk	refuse	-
mc0208	MACRO	208	rule	m11/programs/mc0208.npk	run:0	-
mc0220	MACRO	220	rule	m11/programs/mc0220.sh	sh:0	-
mc0225	MACRO	225	rule	m11/programs/mc0225.npk	run:0	-
mc0226	MACRO	226	rule	m11/programs/mc0226.npk	refuse	-
mc0231	MACRO	231	example	m11/programs/mc0231.npk	run:0	-
mc0238	MACRO	238	rule	m11/programs/mc0238.npk	run:0	-
mc0239	MACRO	239	rule	m11/programs/mc0239.npk	run:0	-
mc0241	MACRO	241	rule	m11/programs/mc0241.npk	run:0	-
mc0246	MACRO	246	example	m11/programs/mc0246.npk	refuse	-
mc0250	MACRO	250	rule	m11/programs/mc0250.npk	refuse	-
mc0250b	MACRO	250	rule	m11/programs/mc0250b.npk	refuse	-
mc0251	MACRO	251	rule	m11/programs/mc0251.sh	sh:0	-
mc0256	MACRO	256	rule	m11/programs/mc0256.sh	sh:0	-
mc0264	MACRO	264	rule	m11/programs/mc0264.npk	refuse	-
mc0265	MACRO	265	rule	m11/programs/mc0265.npk	refuse:NITPICK-MACRO-001	-
mc0265b	MACRO	265	rule	m11/programs/mc0265b/mc0265b.npk	refuse:NITPICK-MACRO-007	-
mc0266	MACRO	266	rule	m11/programs/mc0266.npk	refuse:NITPICK-MACRO-008	-
mc0270	MACRO	270	rule	m11/programs/mc0270.npk	refuse:NITPICK-MACRO-001	-
mc0278	MACRO	278	rule	m11/programs/mc0278.npk	run:0	-
mc0281	MACRO	281	rule	m11/programs/mc0281.npk	run:0	-
mc0290	MACRO	290	example	m11/programs/mc0290.npk	run:0	-
mc0296	MACRO	296	rule	m11/programs/mc0296.npk	run:0	-
mc0296b	MACRO	296	rule	m11/programs/mc0296b.npk	refuse	-
mc0305	MACRO	305	row	m11/programs/mc0305.npk	run:0	-
mc0306	MACRO	306	row	m11/programs/mc0306.npk	run:0	-
mc0307	MACRO	307	row	m11/programs/mc0307.npk	run:0	-
mc0308	MACRO	308	row	m11/programs/mc0308.npk	run:0	-
mc0309	MACRO	309	row	m11/programs/mc0309.npk	run:0	-
mc0309b	MACRO	309	row	m11/programs/mc0309b.npk	run:0	-
mc0310	MACRO	310	row	m11/programs/mc0310.npk	run:0	-
mc0310b	MACRO	310	row	m11/programs/mc0310b.npk	run:0	-
mc0311	MACRO	311	row	m11/programs/mc0311.npk	run:0	-
mc0312	MACRO	312	row	m11/programs/mc0312.npk	run:0	-
mc0312b	MACRO	312	row	m11/programs/mc0312b.npk	refuse	-
mc0315	MACRO	315	rule	m11/programs/mc0315.npk	run:0	-
mc0316	MACRO	316	rule	m11/programs/mc0316.npk	ir!:call[^\n]*@[\w.$]*tri_ct	-
mc0321	MACRO	321	example	m11/programs/mc0321.npk	run:0	-
mc0327	MACRO	327	rule	m11/programs/mc0327.npk	run:0	-
mc0332	MACRO	332	rule	m11/programs/mc0332.npk	run:0	-
mc0334	MACRO	334	rule	m11/programs/mc0334.npk	refuse	-
mc0336	MACRO	336	rule	m11/programs/mc0336.npk	refuse	-
mc0336b	MACRO	336	rule	m11/programs/mc0336b.npk	refuse	-
mc0338	MACRO	338	rule	m11/programs/mc0338.npk	refuse	-
mc0344	MACRO	344	rule	m11/programs/mc0344.sh	sh:0	-
mc0346	MACRO	346	rule	m11/programs/mc0346.npk	refuse	-
mc0351	MACRO	351	rule	m11/programs/mc0351.npk	refuse:NITPICK-TYPE-025	-
mc0352	MACRO	352	rule	m11/programs/mc0352.npk	refuse:NITPICK-TYPE-025	-
mc0356	MACRO	356	rule	m11/programs/mc0356.npk	refuse:NITPICK-TYPE-025	-
mc0368	MACRO	368	row	m11/programs/mc0368.npk	refuse	-
mc0368b	MACRO	368	row	m11/programs/mc0368b.npk	run:0	-
mc0369	MACRO	369	row	m11/programs/mc0369.npk	refuse	-
mc0369b	MACRO	369	row	m11/programs/mc0369b.npk	run:0	-
mc0369c	MACRO	369	row	m11/programs/mc0369c.npk	run:0	-
mc0370	MACRO	370	row	m11/programs/mc0370.npk	refuse	-
mc0371	MACRO	371	row	m11/programs/mc0371.npk	refuse	-
mc0372	MACRO	372	row	m11/programs/mc0372.npk	refuse	-
mc0372b	MACRO	372	row	m11/programs/mc0372b.npk	run:0	-
mc0373	MACRO	373	row	m11/programs/mc0373.npk	refuse	-
mc0374	MACRO	374	row	m11/programs/mc0374.npk	refuse	-
mc0379	MACRO	379	rule	m11/programs/mc0379.npk	refuse	-
mc0388	MACRO	388	rule	m11/programs/mc0388.npk	run:0	-
mc0393	MACRO	393	rule	m11/programs/mc0393.npk	run:0	-
mc0394	MACRO	394	rule	m11/programs/mc0394.npk	refuse	-
mc0394b	MACRO	394	rule	m11/programs/mc0394b.npk	refuse	-
mc0405	MACRO	405	rule	m11/programs/mc0405.sh	sh:0	-
ty0004	TYPE	4	rule	m11/programs/ty0004.npk	ir!:^declare [^\n]*@(?:malloc|calloc|realloc|free|printf|puts|fopen|fwrite|strlen)\(	-
ty0017	TYPE	17	rule	m11/programs/ty0017.npk	ir:(?s)\A(?=.*?^define [^@\n]*\bi16 @"?(?:[\w$]+\.)*m11s16"?\(i16 )(?=.*?^define [^@\n]*\bfloat @"?(?:[\w$]+\.)*m11f32"?\(float )	-
ty0023	TYPE	23	row	m11/programs/ty0023.npk	run:0	-
ty0026	TYPE	26	rule	m10/programs/x04_short_circuit.npk	run:0	-
ty0027	TYPE	27	rule	m11/programs/ty0027.npk	run:0	-
ty0027b	TYPE	27	rule	m10/programs/m10_bool_ordering_refused.npk	refuse	-
ty0028	TYPE	28	rule	m11/programs/ty0028.npk	refuse	-
ty0029	TYPE	29	rule	m10/programs/c14_bool_to_int.npk	run:0	-
ty0032	TYPE	32	example	m11/programs/ty0032.npk	ir:(?s)^define [^@\n]*@"?(?:[\w$]+\.)*m11bl"?\((?=(?:(?!\n\}).)*?alloca i8\b)(?=(?:(?!\n\}).)*?trunc i8 %\S+ to i1)	-
ty0047	TYPE	47	row	m11/programs/ty0047.npk	run:0	-
ty0048	TYPE	48	row	m11/programs/ty0048.npk	run:0	-
ty0049	TYPE	49	row	m11/programs/ty0049.npk	run:0	-
ty0050	TYPE	50	row	m11/programs/ty0050.npk	run:0	-
ty0053	TYPE	53	rule	m10/programs/o01_int32_add.npk	run:93	-
ty0053b	TYPE	53	rule	m10/programs/o02_int32_sub.npk	run:93	-
ty0053c	TYPE	53	rule	m10/programs/o03_int32_mul.npk	run:93	-
ty0053d	TYPE	53	rule	m10/programs/o17_edges_do_not_trap.npk	run:0	-
ty0054	TYPE	54	rule	m11/programs/ty0054.npk	ir:(?s)^define [^@\n]*@"?(?:[\w$]+\.)*m11add"?\((?=(?:(?!\n\}).)*?-4110\b)	-
ty0056	TYPE	56	rule	m11/programs/ty0056.npk	ir:(?s)^define [^@\n]*@"?(?:[\w$]+\.)*m11s"?\((?=(?:(?!\n\}).)*?@llvm\.sadd\.with\.overflow\.i32\()(?=(?:(?!\n\}).)*?@llvm\.ssub\.with\.overflow\.i32\()(?=(?:(?!\n\}).)*?@llvm\.smul\.with\.overflow\.i32\()	-
ty0057	TYPE	57	rule	m11/programs/ty0057.npk	ir:(?s)^define [^@\n]*@"?(?:[\w$]+\.)*m11u"?\((?=(?:(?!\n\}).)*?@llvm\.uadd\.with\.overflow\.i32\()(?=(?:(?!\n\}).)*?@llvm\.usub\.with\.overflow\.i32\()(?=(?:(?!\n\}).)*?@llvm\.umul\.with\.overflow\.i32\()(?!(?:(?!\n\}).)*?@llvm\.s(?:add|sub|mul)\.with\.overflow)	-
ty0058	TYPE	58	rule	m10/programs/o16_int128_add.npk	run:93	-
ty0058b	TYPE	58	rule	m11/programs/ty0058b.npk	run:93	-
ty0059	TYPE	59	rule	m10/programs/o22_simd_lane_overflow.npk	run:93	-
ty0059b	TYPE	59	rule	m11/programs/ty0059b.npk	ir:(?s)^define [^@\n]*@"?(?:[\w$]+\.)*m11v"?\((?=(?:(?!\n\}).)*?@llvm\.sadd\.with\.overflow\.v4i32\()	-
ty0061	TYPE	61	rule	m11/programs/ty0061.npk	run:93	-
ty0061b	TYPE	61	rule	m11/programs/ty0061b.npk	run:93	-
ty0062	TYPE	62	rule	m11/programs/ty0062.npk	run:108	-
ty0063	TYPE	63	rule	m11/programs/ty0063.npk	ir:(?s)^define [^@\n]*@"?(?:[\w$]+\.)*m11lim"?\((?=(?:(?!\n\}).)*?-4111\b)	-
ty0067	TYPE	67	rule	m10/programs/o04_int32_negate_min.npk	run:93	-
ty0069	TYPE	69	rule	m10/programs/o12_compound_add.npk	run:93	-
ty0071	TYPE	71	rule	m10/programs/o18_shift_loses_bits_no_trap.npk	run:0	-
ty0073	TYPE	73	rule	m10/programs/s04_shift_amount_equals_width.npk	run:111	-
ty0073b	TYPE	73	rule	m10/programs/s06_right_shift_amount_width.npk	run:111	-
ty0074	TYPE	74	rule	m10/programs/s07_shift_literal_amount_refused.npk	refuse:NITPICK-TYPE-070	-
ty0075	TYPE	75	rule	m11/programs/ty0075.npk	refuse:NITPICK-TYPE-070	-
ty0075b	TYPE	75	rule	m11/programs/ty0075b.npk	refuse:NITPICK-TYPE-070	-
ty0075c	TYPE	75	rule	m11/programs/ty0075c.npk	ir:(?s)^define [^@\n]*@"?(?:[\w$]+\.)*m11shl"?\((?=(?:(?!\n\}).)*?icmp ult i32 %\S+, 32\b)(?=(?:(?!\n\}).)*?\bshl i32 )	-
ty0076	TYPE	76	rule	m11/programs/ty0076.npk	ir:(?s)^define [^@\n]*@"?(?:[\w$]+\.)*m11shl"?\((?=(?:(?!\n\}).)*?-4115\b)	-
ty0078	TYPE	78	rule	m10/programs/v03_div_by_zero.npk	run:97	-
ty0078b	TYPE	78	rule	m10/programs/v04_rem_by_zero.npk	run:97	-
ty0078c	TYPE	78	rule	m10/programs/v05_min_div_minus_one.npk	run:98	-
ty0078d	TYPE	78	rule	m10/programs/v10_compound_div_by_zero.npk	run:97	-
ty0079	TYPE	79	rule	m10/programs/v18_tbb_div_by_zero_is_err.npk	run:0	-
ty0080	TYPE	80	rule	m11/programs/ty0080.npk	refuse	-
ty0081	TYPE	81	rule	m11/programs/ty0081.npk	refuse	-
ty0083	TYPE	83	rule	m11/programs/ty0083.npk	run:108	-
ty0084	TYPE	84	rule	m11/programs/ty0084.npk	run:0	-
ty0085	TYPE	85	rule	m11/programs/ty0085.npk	run:0	-
ty0086	TYPE	86	rule	m11/programs/ty0086.npk	run:93	-
ty0088	TYPE	88	rule	m11/programs/ty0088.npk	run:0	-
ty0089	TYPE	89	rule	m10/programs/o19_wrapping_family.npk	run:0	-
ty0089b	TYPE	89	rule	m11/programs/ty0089b.npk	ir:(?s)^define [^@\n]*@"?(?:[\w$]+\.)*m11wm"?\((?=(?:(?!\n\}).)*?= mul i32 )(?!(?:(?!\n\}).)*?with\.overflow)	-
ty0090	TYPE	90	rule	m11/programs/ty0090.npk	run:0	-
ty0091	TYPE	91	example	m11/programs/ty0091.npk	run:0	-
ty0094	TYPE	94	rule	m11/programs/ty0094.npk	run:0	-
ty0095	TYPE	95	rule	m11/programs/ty0095.npk	refuse:NITPICK-TYPE-078	-
ty0096	TYPE	96	rule	m11/programs/ty0096.npk	refuse:NITPICK-TYPE-078	-
ty0097	TYPE	97	rule	m11/programs/ty0097.npk	refuse:NITPICK-TYPE-078	-
ty0097b	TYPE	97	rule	m11/programs/ty0097b.npk	refuse:NITPICK-TYPE-078	-
ty0098	TYPE	98	rule	m11/programs/ty0098.npk	refuse:NITPICK-TYPE-078	-
ty0098b	TYPE	98	rule	m11/programs/ty0098b.npk	refuse:NITPICK-TYPE-078	-
ty0098c	TYPE	98	rule	m10/programs/o20_wrapping_folds_with_wrap.npk	run:0	-
ty0099	TYPE	99	rule	m10/programs/o21_constant_overflow_refused.npk	refuse:NITPICK-TYPE-076	-
ty0109	TYPE	109	rule	m10/programs/m13_tbb_err_sticky.npk	run:0	-
ty0122	TYPE	122	rule	m11/programs/ty0122.npk	ir:(?s)^define [^@\n]*@"?(?:[\w$]+\.)*m11wr"?\((?=(?:(?!\n\}).)*?= add i32 %)(?=(?:(?!\n\}).)*?= sub i32 %)(?=(?:(?!\n\}).)*?= mul i32 %)	-
ty0124	TYPE	124	rule	m11/programs/ty0124.npk	run:0	-
ty0124b	TYPE	124	rule	m11/programs/ty0124b.npk	ir:(?s)^define [^@\n]*@"?(?:[\w$]+\.)*m11lt"?\((?=(?:(?!\n\}).)*?icmp slt i32 )	-
ty0125	TYPE	125	rule	m11/programs/ty0125.npk	run:0	-
ty0125b	TYPE	125	rule	m11/programs/ty0125b.npk	ir:(?s)^define [^@\n]*@"?(?:[\w$]+\.)*m11sr"?\((?=(?:(?!\n\}).)*?\bashr i32 )	-
ty0126	TYPE	126	rule	m11/programs/ty0126.npk	refuse	-
ty0127	TYPE	127	rule	m11/programs/ty0127.npk	run:0	-
ty0130	TYPE	130	example	m11/programs/ty0130.npk	ir:(?s)^define [^@\n]*@"?(?:[\w$]+\.)*m11ad"?\((?=(?:(?!\n\}).)*?@llvm\.sadd\.with\.overflow\.i32\()(?=(?:(?!\n\}).)*?icmp eq i32 %\S+, 0\b)(?=(?:(?!\n\}).)*?= sdiv i32 )	-
ty0144	TYPE	144	rule	m11/programs/ty0144.npk	ir:(?s)^define [^@\n]*@"?(?:[\w$]+\.)*m11tb"?\((?=(?:(?!\n\}).)*?@llvm\.sadd\.with\.overflow\.i32\()	-
ty0151	TYPE	151	row	m11/programs/ty0151.npk	run:0	-
ty0152	TYPE	152	row	m11/programs/ty0152.npk	run:0	-
ty0153	TYPE	153	row	m11/programs/ty0153.npk	run:0	-
ty0154	TYPE	154	row	m11/programs/ty0154.npk	run:0	-
ty0158	TYPE	158	rule	m10/programs/v14_unsigned_div_rem.npk	run:0	-
ty0159	TYPE	159	rule	m10/programs/m03_unsigned_ordering.npk	run:0	-
ty0160	TYPE	160	rule	m10/programs/s02_unsigned_right_shift_logical.npk	run:0	-
ty0161	TYPE	161	rule	m10/programs/o07_uint8_add.npk	run:93	-
ty0161b	TYPE	161	rule	m10/programs/o08_uint8_sub.npk	run:93	-
ty0164	TYPE	164	rule	m11/programs/ty0164.npk	run:0	-
ty0166	TYPE	166	rule	m10/programs/m09_char_vs_uint8_refused.npk	refuse	-
ty0172	TYPE	172	row	m11/programs/ty0172.npk	run:0	-
ty0172b	TYPE	172	row	m10/programs/f02_flt32_rounds_in_flt32.npk	run:0	-
ty0173	TYPE	173	row	m11/programs/ty0173.npk	run:0	-
ty0174	TYPE	174	row	m11/programs/ty0174.npk	run:0	-
ty0174b	TYPE	174	rule	m11/programs/ty0174b.npk	refuse	-
ty0174c	TYPE	174	rule	m11/programs/ty0174c.npk	refuse	-
ty0174d	TYPE	174	rule	m11/programs/ty0174d.npk	refuse	-
ty0174e	TYPE	174	rule	m11/programs/ty0174e.npk	run:0	-
ty0174g	TYPE	174	row	m11/programs/ty0174g.npk	ir:^define [^@\n]*\bfp128 @"?(?:[\w$]+\.)*m11fp"?\(fp128 	-
ty0176	TYPE	176	rule	m11/programs/ty0176.npk	refuse	-
ty0176b	TYPE	176	rule	m11/programs/ty0176b.npk	refuse	-
ty0178	TYPE	178	rule	m11/programs/ty0178.npk	refuse	-
ty0181	TYPE	181	rule	m10/programs/f01_decimal_sum_not_exact.npk	run:0	-
ty0181b	TYPE	181	rule	m11/programs/ty0181b.npk	ir:(?s)^define [^@\n]*@"?(?:[\w$]+\.)*m11fa"?\((?=(?:(?!\n\}).)*?= fadd double )(?=(?:(?!\n\}).)*?= fsub double )(?=(?:(?!\n\}).)*?= fmul double )(?=(?:(?!\n\}).)*?= fdiv double )	-
ty0182	TYPE	182	rule	m10/programs/v17_float_remainder.npk	run:0	-
ty0182b	TYPE	182	rule	m11/programs/ty0182b.npk	ir:(?s)^define [^@\n]*@"?(?:[\w$]+\.)*m11fr"?\((?=(?:(?!\n\}).)*?= frem double )	-
ty0183	TYPE	183	rule	m10/programs/v16_float_div_by_zero.npk	run:0	-
ty0186	TYPE	186	rule	m10/programs/m08_negative_zero.npk	run:0	-
ty0186b	TYPE	186	rule	m11/programs/ty0186b.npk	ir:(?s)^define [^@\n]*@"?(?:[\w$]+\.)*m11fn"?\((?=(?:(?!\n\}).)*?= fneg double )	-
ty0187	TYPE	187	rule	m10/programs/m07_nan_comparisons.npk	run:0	-
ty0187b	TYPE	187	rule	m11/programs/ty0187b.npk	ir:(?s)\A(?=.*?^define [^@\n]*@"?(?:[\w$]+\.)*m11ne"?\((?=(?:(?!\n\}).)*?fcmp une double ))(?=.*?^define [^@\n]*@"?(?:[\w$]+\.)*m11fl"?\((?=(?:(?!\n\}).)*?fcmp olt double ))	-
ty0189	TYPE	189	rule	m11/programs/ty0189.npk	run:0	-
ty0189b	TYPE	189	rule	m11/programs/ty0189b.npk	refuse	-
ty0190	TYPE	190	rule	m10/programs/c25_flt32_literal_16_digits.npk	refuse	-
ty0190b	TYPE	190	rule	m11/programs/ty0190b.npk	run:0	-
ty0203	TYPE	203	rule	m11/programs/ty0203.npk	run:0	-
ty0205	TYPE	205	rule	m11/programs/ty0205.npk	ir:(?s)^define [^@\n]*@"?(?:[\w$]+\.)*m11fd"?\((?=(?:(?!\n\}).)*?= fdiv double )(?=(?:(?!\n\}).)*?= frem double )(?!(?:(?!\n\}).)*?fcmp)	-
ty0205b	TYPE	205	rule	m11/programs/ty0205b.npk	refuse	-
ty0214	TYPE	214	rule	m11/programs/ty0214.npk	run:0	-
ty0222	TYPE	222	row	m11/programs/ty0222.npk	run:0	-
ty0223	TYPE	223	row	m11/programs/ty0223.npk	run:0	-
ty0224	TYPE	224	row	m11/programs/ty0224.npk	run:0	-
ty0224b	TYPE	224	rule	m11/programs/ty0224b.npk	refuse	-
ty0224c	TYPE	224	rule	m11/programs/ty0224c.npk	refuse	-
ty0227	TYPE	227	rule	m11/programs/ty0227.npk	refuse	-
ty0227b	TYPE	227	rule	m11/programs/ty0227b.npk	refuse	-
ty0227c	TYPE	227	rule	m11/programs/ty0227c.npk	refuse	-
ty0227d	TYPE	227	rule	m11/programs/ty0227d.npk	refuse	-
ty0227e	TYPE	227	rule	m11/programs/ty0227e.npk	refuse	-
ty0228	TYPE	228	rule	m11/programs/ty0228.npk	refuse	-
ty0228b	TYPE	228	rule	m11/programs/ty0228b.npk	refuse	-
ty0228c	TYPE	228	rule	m11/programs/ty0228c.npk	refuse	-
ty0228d	TYPE	228	rule	m11/programs/ty0228d.npk	refuse	-
ty0228e	TYPE	228	rule	m11/programs/ty0228e.npk	refuse	-
ty0228f	TYPE	228	rule	m11/programs/ty0228f.npk	refuse	-
ty0231	TYPE	231	rule	m10/programs/m05_char_ordering_unsigned.npk	run:0	-
ty0231b	TYPE	231	rule	m11/programs/ty0231b.npk	run:0	-
ty0232	TYPE	232	rule	m11/programs/ty0232.npk	run:0	-
ty0233	TYPE	233	rule	m11/programs/ty0233.npk	run:0	-
ty0239	TYPE	239	row	m11/programs/ty0239.npk	run:0	-
ty0240	TYPE	240	row	m11/programs/ty0240.npk	run:0	-
ty0241	TYPE	241	row	m11/programs/ty0241.npk	run:0	-
ty0242	TYPE	242	row	m11/programs/ty0242.npk	run:0	-
ty0243	TYPE	243	row	m11/programs/ty0243.npk	run:0	-
ty0244	TYPE	244	row	m11/programs/ty0244.npk	run:0	-
ty0245	TYPE	245	row	m11/programs/ty0245.npk	run:0	-
ty0246	TYPE	246	row	m11/programs/ty0246.npk	run:0	-
ty0247	TYPE	247	row	m11/programs/ty0247.npk	run:0	-
ty0248	TYPE	248	row	m11/programs/ty0248.npk	run:0	-
ty0249	TYPE	249	row	m11/programs/ty0249.npk	run:0	-
ty0250	TYPE	250	row	m11/programs/ty0250.npk	run:0	-
ty0257	TYPE	257	example	m11/programs/ty0257.npk	ir:(?s)^define [^@\n]*@"?(?:[\w$]+\.)*m11cu"?\((?=(?:(?!\n\}).)*?icmp uge i8 %\S+, 65\b)(?=(?:(?!\n\}).)*?icmp ule i8 %\S+, 90\b)	-
ty0272	TYPE	272	example	m11/programs/ty0272.npk	run:0	-
ty0280	TYPE	280	rule	m11/programs/ty0280.npk	refuse	-
ty0285	TYPE	285	example	m11/programs/ty0285.npk	run:0	-
ty0286	TYPE	286	rule	m11/programs/ty0286.npk	run:0	-
ty0290	TYPE	290	rule	m11/programs/ty0290.npk	run:0	-
ty0295	TYPE	295	rule	m11/programs/ty0295.npk	refuse	-
ty0304	TYPE	304	row	m11/programs/ty0304.npk	run:0	-
ty0304b	TYPE	304	rule	m11/programs/ty0304b.npk	refuse	-
ty0305	TYPE	305	row	m11/programs/ty0305.npk	run:0	-
ty0306	TYPE	306	row	m11/programs/ty0306.npk	run:0	-
ty0307	TYPE	307	row	m11/programs/ty0307.npk	refuse	-
ty0307b	TYPE	307	rule	m11/programs/ty0307b.npk	run:0	-
ty0308	TYPE	308	row	m11/programs/ty0308.npk	run:0	-
ty0309	TYPE	309	row	m11/programs/ty0309.npk	run:0	-
ty0319	TYPE	319	row	m11/programs/ty0319.npk	run:0	-
ty0319b	TYPE	319	row	m11/programs/ty0319b.npk	run:0	-
ty0320	TYPE	320	row	m11/programs/ty0320.npk	run:0	-
ty0321	TYPE	321	row	m11/programs/ty0321.npk	run:0	-
ty0322	TYPE	322	row	m11/programs/ty0322.npk	run:0	-
ty0330	TYPE	330	rule	m11/programs/ty0330.npk	ir:^define [^@\n]*\bi8 @"?(?:[\w$]+\.)*m11tp"?\(ptr 	-
ty0332	TYPE	332	rule	m11/programs/ty0332.npk	run:0	-
ty0338	TYPE	338	example	m11/programs/ty0338.npk	ir:^define [^@\n]*\bi64 @"?(?:[\w$]+\.)*m11sl"?\(\{ ?ptr, i64, i64 ?\} 	-
ty0341	TYPE	341	rule	m10/programs/t01_byte_length_utf8.npk	run:0	-
ty0348	TYPE	348	row	m11/programs/ty0348.npk	ir:^define [^@\n]*\bi64 @"?(?:[\w$]+\.)*m11sd"?\(\{ ?ptr, i64, i64 ?\} 	-
ty0349	TYPE	349	row	m11/programs/ty0349.npk	ir:(?s)^define [^@\n]*@"?(?:[\w$]+\.)*m11ln"?\((?=(?:(?!\n\}).)*?(?:extractvalue \{ ?ptr, i64, i64 ?\} %\S+, 1\b|getelementptr [^\n]*\{ ?ptr, i64, i64 ?\}, ptr %\S+, i32 0, i32 1\b))	-
ty0355	TYPE	355	rule	m10/programs/t14_string_plus_concatenates.npk	run:0	-
ty0355b	TYPE	355	rule	m11/programs/ty0355b.npk	refuse	-
ty0355c	TYPE	355	rule	m11/programs/ty0355c.npk	refuse	-
ty0355d	TYPE	355	rule	m11/programs/ty0355d.npk	refuse	-
ty0355e	TYPE	355	rule	m11/programs/ty0355e.npk	refuse	-
ty0358	TYPE	358	rule	m11/programs/ty0358.npk	run:0	-
ty0359	TYPE	359	rule	m11/programs/ty0359.npk	run:0	-
ty0359b	TYPE	359	rule	m11/programs/ty0359b.npk	run:0	-
ty0360	TYPE	360	rule	m10/programs/m11_string_eq_refused.npk	refuse:NITPICK-TYPE-034	-
ty0360b	TYPE	360	rule	m11/programs/ty0360b.npk	refuse:NITPICK-TYPE-034	-
ty0364	TYPE	364	rule	m10/programs/t16_string_order.npk	run:0	-
ty0365	TYPE	365	rule	m11/programs/ty0365.npk	refuse	-
ty0365b	TYPE	365	rule	m11/programs/ty0365b.npk	refuse	-
ty0366	TYPE	366	rule	m10/programs/t08_string_index.npk	run:0	-
ty0366b	TYPE	366	rule	m10/programs/t09_string_index_past_end.npk	run:94	-
ty0367	TYPE	367	rule	m10/programs/t02_length_spelled_length.npk	run:0	-
ty0373	TYPE	373	row	m11/programs/ty0373.npk	run:0	-
ty0374	TYPE	374	row	m11/programs/ty0374.npk	run:0	-
ty0375	TYPE	375	row	m11/programs/ty0375.npk	run:0	-
ty0376	TYPE	376	row	m11/programs/ty0376.npk	run:0	-
ty0377	TYPE	377	row	m11/programs/ty0377.npk	run:0	-
ty0378	TYPE	378	row	m11/programs/ty0378.npk	run:0	-
ty0379	TYPE	379	row	m11/programs/ty0379.npk	run:0	-
ty0380	TYPE	380	row	m11/programs/ty0380.npk	run:0	-
ty0381	TYPE	381	row	m11/programs/ty0381.npk	run:0	-
ty0382	TYPE	382	row	m11/programs/ty0382.npk	run:0	-
ty0383	TYPE	383	row	m11/programs/ty0383.npk	run:0	-
ty0384	TYPE	384	row	m11/programs/ty0384.npk	run:0	-
ty0386	TYPE	386	row	m11/programs/ty0386.npk	run:0	-
ty0373b	TYPE	373	row	m11/programs/ty0373b.npk	run:94	-
ty0385	TYPE	385	row	m11/programs/ty0385.npk	run:0	-
ty0387	TYPE	387	row	m10/programs/t12_to_cstring_interior_nul.npk	run:0	-
ty0388	TYPE	388	row	m11/programs/ty0388.npk	run:0	-
ty0392	TYPE	392	rule	m11/programs/ty0392.npk	refuse	-
ty0393	TYPE	393	rule	m11/programs/ty0393.npk	run:0	-
ty0395	TYPE	395	example	m11/programs/ty0395.npk	ir:^define [^@\n]*\bi64 @"?(?:[\w$]+\.)*m11cl"?\(\{ ?ptr, i64 ?\} 	-
ty0399	TYPE	399	rule	m10/programs/t13_cstring_keeps_length.npk	run:0	-
ty0399b	TYPE	399	rule	m11/programs/ty0399b.npk	run:0	-
ty0404	TYPE	404	rule	m10/programs/t12_to_cstring_interior_nul.npk	run:0	-
ty0414	TYPE	414	row	m11/programs/ty0414.npk	ir:constant \[4 x i8\] c"abc\\00"	-
ty0414b	TYPE	414	rule	m11/programs/ty0414b.npk	refuse	-
ty0415	TYPE	415	row	m11/programs/ty0415.npk	run:0	-
ty0418	TYPE	418	rule	m11/programs/ty0418.npk	refuse	-
ty0420	TYPE	420	rule	m11/programs/ty0420.npk	refuse	-
ty0421	TYPE	421	rule	m11/programs/ty0421.npk	refuse	-
ty0426	TYPE	426	example	m11/programs/ty0426.npk	run:0	-
ty0430	TYPE	430	example	m11/programs/ty0430.npk	ir:constant \[13 x i8\] c"Hello, world!"	-
ty0453	TYPE	453	rule	m11/programs/ty0453.npk	run:0	-
ty0455	TYPE	455	rule	m11/programs/ty0455.npk	run:0	-
ty0456	TYPE	456	rule	m11/programs/ty0456.npk	ir:(?s)\A(?=.*?^define [^@\n]*\bi256 @"?(?:[\w$]+\.)*m11w"?\(i256 )(?=.*?^define [^@\n]*@"?(?:[\w$]+\.)*m11w"?\((?=(?:(?!\n\}).)*?@llvm\.sadd\.with\.overflow\.i256\())	-
ty0460	TYPE	460	row	m11/programs/ty0460.npk	run:0	-
ty0461	TYPE	461	row	m11/programs/ty0461.npk	run:0	-
ty0462	TYPE	462	row	m11/programs/ty0462.npk	run:0	-
ty0463	TYPE	463	row	m11/programs/ty0463.npk	run:0	-
ty0464	TYPE	464	row	m11/programs/ty0464.npk	run:0	-
ty0465	TYPE	465	row	m11/programs/ty0465.npk	run:0	-
ty0469	TYPE	469	rule	m11/programs/ty0469.npk	run:0	-
ty0471	TYPE	471	rule	m11/programs/ty0471.npk	run:0	-
ty0475	TYPE	475	rule	m11/programs/ty0475.npk	run:0	-
ty0476	TYPE	476	rule	m11/programs/ty0476.npk	refuse	-
ty0476b	TYPE	476	rule	m11/programs/ty0476b.npk	run:0	-
ty0477	TYPE	477	rule	m10/programs/v07_int8_min_div_minus_one.npk	run:98	-
ty0476c	TYPE	476	rule	m11/programs/ty0476c.npk	run:97	-
ty0477c	TYPE	477	rule	m11/programs/ty0477c.npk	run:98	-
ty0485	TYPE	485	rule	m11/programs/ty0485.npk	run:0	-
ty0487	TYPE	487	rule	m11/programs/ty0487.npk	run:0	-
ty0491	TYPE	491	row	m11/programs/ty0491.npk	run:0	-
ty0492	TYPE	492	row	m11/programs/ty0492.npk	run:0	-
ty0493	TYPE	493	row	m11/programs/ty0493.npk	run:0	-
ty0494	TYPE	494	row	m11/programs/ty0494.npk	run:0	-
ty0497	TYPE	497	example	m11/programs/ty0497.npk	run:0	-
ty0504	TYPE	504	rule	m11/programs/ty0504.npk	run:0	-
ty0505	TYPE	505	rule	m11/programs/ty0505.npk	run:0	-
ty0506	TYPE	506	rule	m11/programs/ty0506.npk	run:0	-
ty0507	TYPE	507	rule	m11/programs/ty0507.npk	run:0	-
ty0509	TYPE	509	rule	m11/programs/ty0509.npk	run:0	-
ty0510	TYPE	510	rule	m11/programs/ty0510.npk	run:110	-
ty0512	TYPE	512	rule	m11/programs/ty0512.npk	run:0	-
ty0514	TYPE	514	rule	m11/programs/ty0514.npk	run:0	-
ty0515	TYPE	515	rule	m11/programs/ty0515.npk	run:0	-
ty0516	TYPE	516	rule	m11/programs/ty0516.npk	refuse	-
ty0516b	TYPE	516	rule	m11/programs/ty0516b.npk	refuse	-
ty0518	TYPE	518	rule	m11/programs/ty0518.npk	run:0	-
ty0520	TYPE	520	rule	m11/programs/ty0520.npk	run:0	-
ty0521	TYPE	521	rule	m11/programs/ty0521.npk	refuse	-
ty0522	TYPE	522	example	m11/programs/ty0522.npk	run:0	-
ty0529	TYPE	529	example	m11/programs/ty0529.npk	run:0	-
ty0531	TYPE	531	rule	m11/programs/ty0531.npk	run:0	-
ty0533	TYPE	533	rule	m11/programs/ty0533.npk	refuse	-
ty0534	TYPE	534	rule	m11/programs/ty0534.npk	refuse	-
ty0535	TYPE	535	rule	m11/programs/ty0535.npk	run:0	-
ty0536	TYPE	536	rule	m11/programs/ty0536.npk	refuse	-
ty0537	TYPE	537	rule	m11/programs/ty0537.npk	run:0	-
ty0540	TYPE	540	rule	m11/programs/ty0540.npk	run:110	-
ty0540b	TYPE	540	rule	m11/programs/ty0540b.npk	run:110	-
ty0544	TYPE	544	rule	m11/programs/ty0544.npk	refuse	-
ty0553	TYPE	553	rule	m11/programs/ty0553.npk	refuse	-
ty0559	TYPE	559	rule	m11/programs/ty0559.npk	run:0	-
ty0560	TYPE	560	rule	m11/programs/ty0560.npk	run:0	-
ty0562	TYPE	562	rule	m11/programs/ty0562.npk	run:0	-
ty0563	TYPE	563	rule	m11/programs/ty0563.npk	refuse	-
ty0564	TYPE	564	rule	m11/programs/ty0564.npk	refuse	-
ty0567	TYPE	567	example	m11/programs/ty0567.npk	run:0	-
ty0573	TYPE	573	rule	m11/programs/ty0573.npk	run:0	-
ty0576	TYPE	576	rule	m11/programs/ty0576.npk	run:0	-
ty0580	TYPE	580	example	m11/programs/ty0580.npk	run:0	-
ty0588	TYPE	588	rule	m11/programs/ty0588.npk	refuse	-
ty0589	TYPE	589	rule	m11/programs/ty0589.npk	refuse	-
ty0593	TYPE	593	rule	m11/programs/ty0593.npk	ir:(?s)\A(?=.*?^define [^@\n]*\bi256 @"?(?:[\w$]+\.)*m11dj"?\(i256 )(?=.*?^define [^@\n]*\bi256 @"?(?:[\w$]+\.)*m11tf"?\(i256 )	-
ty0595	TYPE	595	rule	m11/programs/ty0595.npk	run:0	-
ty0599	TYPE	599	example	m11/programs/ty0599.npk	refuse	-
ty0608	TYPE	608	rule	m11/programs/ty0608.npk	run:0	-
ty0612	TYPE	612	rule	m11/programs/ty0612.npk	run:0	-
ty0613	TYPE	613	rule	m11/programs/ty0613.npk	refuse	-
ty0613b	TYPE	613	rule	m11/programs/ty0613b.npk	refuse	-
ty0614	TYPE	614	rule	m11/programs/ty0614.npk	run:0	-
ty0616	TYPE	616	rule	m11/programs/ty0616.npk	refuse	-
ty0616b	TYPE	616	rule	m11/programs/ty0616b.npk	run:0	-
ty0618	TYPE	618	rule	m11/programs/ty0618.npk	run:0	-
ty0621	TYPE	621	rule	m11/programs/ty0621.npk	run:0	-
ty0622	TYPE	622	rule	m11/programs/ty0622.npk	refuse	-
ty0624	TYPE	624	rule	m11/programs/ty0624.npk	refuse	-
ty0624b	TYPE	624	rule	m11/programs/ty0624b.npk	refuse	-
ty0624c	TYPE	624	rule	m11/programs/ty0624c.npk	refuse	-
ty0625	TYPE	625	rule	m11/programs/ty0625.npk	run:0	-
ty0627	TYPE	627	rule	m11/programs/ty0627.npk	refuse	-
ty0628	TYPE	628	rule	m11/programs/ty0628.npk	run:0	-
ty0631	TYPE	631	example	m11/programs/ty0631.npk	refuse	-
ty0634	TYPE	634	rule	m11/programs/ty0634.npk	run:0	-
ty0634b	TYPE	634	rule	m11/programs/ty0634b.npk	run:0	-
ty0639	TYPE	639	example	m11/programs/ty0639.npk	run:0	-
ty0648	TYPE	648	example	m11/programs/ty0648.npk	ir:^%\"?tfp256\"? = type \{ ?i64, i64, i64, i64 ?\}|^define [^@\n]* @"?(?:[\w$]+\.)*m11dj"?\(\{ ?i64, i64, i64, i64 ?\} 	-
vf0007	VERIFICATION	7	rule	m11/programs/vf0007.sh	sh:0	-
vf0026	VERIFICATION	26	rule	m11/programs/vf0026.npk	refuse	-
vf0028	VERIFICATION	28	example	m11/programs/vf0028.npk	run:0	-
vf0035	VERIFICATION	35	rule	m11/programs/vf0035.npk	refuse:TYPE-069	-
vf0036	VERIFICATION	36	rule	m11/programs/vf0036.npk	refuse:TYPE-069	-
vf0037	VERIFICATION	37	rule	m11/programs/vf0037.npk	run:0	-
vf0037b	VERIFICATION	37	rule	m11/programs/vf0037b.npk	refuse	-
vf0038	VERIFICATION	38	rule	m11/programs/vf0038.sh	sh:0	-
vf0039	VERIFICATION	39	rule	m11/programs/vf0039.sh	sh:0	-
vf0047	VERIFICATION	47	example	m11/programs/vf0047.npk	run:0	-
vf0063	VERIFICATION	63	rule	m10/programs/p03_first_match_wins.npk	run:0	-
vf0068	VERIFICATION	68	rule	m10/programs/x05_ternary_evaluates_one_branch.npk	run:0	-
vf0068b	VERIFICATION	68	rule	m11/programs/vf0068b.npk	run:0	-
vf0075	VERIFICATION	75	rule	m11/programs/vf0075.sh	sh:0	-
vf0076	VERIFICATION	76	rule	m11/programs/vf0076.npk	run:0	-
vf0077	VERIFICATION	77	rule	m11/programs/vf0077.sh	sh:0	-
vf0078	VERIFICATION	78	rule	m11/programs/vf0078.npk	run:0	-
vf0096	VERIFICATION	96	example	m11/programs/vf0096.npk	run:0	-
vf0109	VERIFICATION	109	rule	m11/programs/vf0109.npk	refuse:RESOLVE-002	-
vf0110	VERIFICATION	110	rule	m11/programs/vf0110.npk	refuse:RESOLVE-011	-
vf0111	VERIFICATION	111	rule	m11/programs/vf0111.npk	refuse:RESOLVE-002	-
vf0111b	VERIFICATION	111	rule	m11/programs/vf0111b.npk	refuse:RESOLVE-002	-
vf0111c	VERIFICATION	111	rule	m11/programs/vf0111c.npk	refuse	-
vf0112	VERIFICATION	112	rule	m11/programs/vf0112.npk	refuse	-
vf0112b	VERIFICATION	112	rule	m11/programs/vf0112b.npk	refuse	-
vf0113	VERIFICATION	113	rule	m11/programs/vf0113.npk	refuse:TYPE-059	-
vf0114	VERIFICATION	114	rule	m11/programs/vf0114.npk	refuse:TYPE-059	-
vf0116	VERIFICATION	116	rule	m11/programs/vf0116.npk	refuse	-
vf0119	VERIFICATION	119	rule	m11/programs/vf0119.npk	run:108	-
vf0124	VERIFICATION	124	rule	m11/programs/vf0124.npk	run:108	-
vf0131	VERIFICATION	131	rule	m11/programs/vf0131.npk	run:108	-
vf0132	VERIFICATION	132	rule	m11/programs/vf0132.npk	run:0	-
vf0133	VERIFICATION	133	rule	m11/programs/vf0133.npk	run:108	-
vf0134	VERIFICATION	134	rule	m11/programs/vf0134.npk	run:108	-
vf0134b	VERIFICATION	134	rule	m11/programs/vf0134b.npk	run:108	-
vf0135	VERIFICATION	135	rule	m11/programs/vf0135.npk	run:108	-
vf0136	VERIFICATION	136	rule	m11/programs/vf0136.npk	run:108	-
vf0137	VERIFICATION	137	rule	m11/programs/vf0137.npk	ir:^define [^\n]*@"npk\.vf0137\.r_positive"\(	-
vf0138	VERIFICATION	138	rule	m11/programs/vf0138.npk	run:108	-
vf0138b	VERIFICATION	138	rule	m11/programs/vf0138b.npk	run:108	-
vf0140	VERIFICATION	140	rule	m11/programs/vf0140.npk	refuse:TYPE-063	-
vf0140b	VERIFICATION	140	rule	m11/programs/vf0140b.npk	refuse:TYPE-063	-
vf0140c	VERIFICATION	140	rule	m11/programs/vf0140c.npk	refuse:TYPE-063	-
vf0141	VERIFICATION	141	rule	m11/programs/vf0141.npk	refuse:TYPE-063	-
vf0141b	VERIFICATION	141	rule	m11/programs/vf0141b.npk	refuse:TYPE-063	-
vf0142	VERIFICATION	142	rule	m11/programs/vf0142.npk	run:0	-
vf0144	VERIFICATION	144	rule	m11/programs/vf0144.npk	refuse:TYPE-064	-
vf0144b	VERIFICATION	144	rule	m11/programs/vf0144b.npk	refuse:TYPE-064	-
vf0145	VERIFICATION	145	rule	m11/programs/vf0145.npk	refuse:TYPE-064	-
vf0145b	VERIFICATION	145	rule	m11/programs/vf0145b.npk	refuse:TYPE-064	-
vf0146	VERIFICATION	146	rule	m11/programs/vf0146.sh	sh:0	-
vf0150	VERIFICATION	150	rule	m11/programs/vf0150.sh	sh:0	-
vf0151	VERIFICATION	151	rule	m11/programs/vf0151.sh	sh:0	-
vf0151b	VERIFICATION	151	rule	m11/programs/vf0151b.sh	sh:0	-
vf0152	VERIFICATION	152	rule	m11/programs/vf0152.sh	sh:0	-
vf0152b	VERIFICATION	152	rule	m11/programs/vf0152b.npk	run:108	-
vf0153	VERIFICATION	153	rule	m11/programs/vf0153.sh	sh:0	-
vf0159	VERIFICATION	159	rule	m11/programs/vf0159.npk	ir:^define [^\n]*@"npk\.vf0159\.limited\.body"\(	-
vf0161	VERIFICATION	161	rule	m11/programs/vf0161.npk	run:108	-
vf0164	VERIFICATION	164	rule	m11/programs/vf0164.npk	run:108	-
vf0177	VERIFICATION	177	example	m11/programs/vf0177.npk	run:0	-
vf0193	VERIFICATION	193	rule	m11/programs/vf0193.npk	refuse	-
vf0195	VERIFICATION	195	rule	m11/programs/vf0195.npk	run:0	-
vf0196	VERIFICATION	196	rule	m11/programs/vf0196.npk	refuse:BORROW-013	-
vf0197	VERIFICATION	197	rule	m11/programs/vf0197.npk	run:0	-
vf0198	VERIFICATION	198	rule	m11/programs/vf0198.npk	refuse:BORROW-013	-
vf0200	VERIFICATION	200	rule	m11/programs/vf0200.npk	refuse:BORROW-013	-
vf0202	VERIFICATION	202	rule	m11/programs/vf0202.npk	run:0	-
vf0203	VERIFICATION	203	rule	m11/programs/vf0203.npk	refuse:BORROW-013	-
vf0204	VERIFICATION	204	rule	m11/programs/vf0204.npk	refuse:BORROW-013	-
vf0207	VERIFICATION	207	rule	m11/programs/vf0207.npk	refuse:BORROW-014	-
vf0210	VERIFICATION	210	rule	m11/programs/vf0210.npk	run:0	-
vf0212	VERIFICATION	212	rule	m11/programs/vf0212.npk	run:0	-
vf0212b	VERIFICATION	212	rule	m11/programs/vf0212b.npk	run:0	-
vf0213	VERIFICATION	213	rule	m11/programs/vf0213.npk	refuse:BORROW-013	-
vf0214	VERIFICATION	214	rule	m11/programs/vf0214.npk	refuse:BORROW-013	-
vf0215	VERIFICATION	215	rule	m11/programs/vf0215.npk	refuse:BORROW-013	-
vf0215b	VERIFICATION	215	rule	m11/programs/vf0215b.npk	refuse:BORROW-013	-
vf0216	VERIFICATION	216	rule	m11/programs/vf0216.npk	refuse:BORROW-013	-
vf0219	VERIFICATION	219	rule	m11/programs/vf0219.npk	run:0	-
vf0220	VERIFICATION	220	rule	m11/programs/vf0220.npk	run:0	-
vf0222	VERIFICATION	222	rule	m11/programs/vf0222.npk	refuse:BORROW-015	-
vf0222b	VERIFICATION	222	rule	m11/programs/vf0222b.npk	refuse:BORROW-015	-
vf0231	VERIFICATION	231	rule	m11/programs/vf0231.npk	refuse:BORROW-015	-
vf0233	VERIFICATION	233	rule	m11/programs/vf0233.npk	run:0	-
vf0235	VERIFICATION	235	rule	m11/programs/vf0235.npk	run:0	-
vf0239	VERIFICATION	239	rule	m11/programs/vf0239.npk	run:114	-
vf0244	VERIFICATION	244	rule	m11/programs/vf0244.sh	sh:0	-
vf0253	VERIFICATION	253	rule	m11/programs/vf0253.npk	run:0	-
vf0257	VERIFICATION	257	rule	m11/programs/vf0257.npk	refuse:TYPE-071	-
vf0258	VERIFICATION	258	rule	m11/programs/vf0258.npk	refuse:TYPE-071	-
vf0258b	VERIFICATION	258	rule	m11/programs/vf0258b.npk	refuse:TYPE-071	-
vf0258c	VERIFICATION	258	rule	m11/programs/vf0258c.npk	refuse:TYPE-071	-
vf0259	VERIFICATION	259	rule	m11/programs/vf0259.npk	refuse:TYPE-071	-
vf0260	VERIFICATION	260	rule	m11/programs/vf0260.npk	refuse:TYPE-071	-
vf0267	VERIFICATION	267	rule	m11/programs/vf0267.npk	refuse	-
vf0267b	VERIFICATION	267	rule	m11/programs/vf0267b.npk	refuse	-
vf0268	VERIFICATION	268	rule	m11/programs/vf0268.npk	refuse	-
vf0276	VERIFICATION	276	example	m11/programs/vf0276.npk	run:108	-
vf0279	VERIFICATION	279	rule	m11/programs/vf0279.npk	run:108	-
vf0285	VERIFICATION	285	rule	m11/programs/vf0285.npk	refuse:TYPE-059	-
vf0287	VERIFICATION	287	rule	m11/programs/vf0287.npk	refuse:RESOLVE-006	-
vf0287b	VERIFICATION	287	rule	m11/programs/vf0287b.npk	refuse:RESOLVE-006	-
vf0299	VERIFICATION	299	rule	m11/programs/vf0299.npk	run:0	-
vf0301	VERIFICATION	301	rule	m11/programs/vf0301.npk	refuse:TYPE-059	-
vf0302	VERIFICATION	302	rule	m11/programs/vf0302.npk	run:108	-
vf0303	VERIFICATION	303	rule	m11/programs/vf0303.npk	run:108	-
vf0302b	VERIFICATION	302	rule	m11/programs/vf0302b.npk	run:108	-
vf0303b	VERIFICATION	303	rule	m11/programs/vf0303b.npk	run:108	-
vf0306	VERIFICATION	306	rule	m11/programs/vf0306.sh	sh:0	-
vf0309	VERIFICATION	309	rule	m11/programs/vf0309.npk	run:0	-
vf0311	VERIFICATION	311	rule	m11/programs/vf0311.npk	refuse:TYPE-077	-
vf0311b	VERIFICATION	311	rule	m11/programs/vf0311b.npk	refuse:TYPE-077	-
vf0311c	VERIFICATION	311	rule	m11/programs/vf0311c.npk	refuse	-
vf0312	VERIFICATION	312	rule	m11/programs/vf0312.npk	refuse	-
vf0312b	VERIFICATION	312	rule	m11/programs/vf0312b.npk	refuse:TYPE-063	-
vf0313b	VERIFICATION	313	rule	m11/programs/vf0313b.npk	refuse:TYPE-063	-
vf0313c	VERIFICATION	313	rule	m11/programs/vf0313c.npk	refuse:TYPE-063	-
vf0314	VERIFICATION	314	rule	m11/programs/vf0314.npk	refuse:TYPE-063	-
vf0314b	VERIFICATION	314	rule	m11/programs/vf0314b.npk	refuse:TYPE-063	-
vf0315	VERIFICATION	315	rule	m11/programs/vf0315.npk	refuse	-
vf0317	VERIFICATION	317	rule	m11/programs/vf0317.npk	refuse	-
vf0321	VERIFICATION	321	rule	m11/programs/vf0321.npk	refuse	-
vf0330	VERIFICATION	330	example	m11/programs/vf0330.npk	run:0	-
vf0339	VERIFICATION	339	rule	m11/programs/vf0339.npk	run:115	-
vf0342	VERIFICATION	342	rule	m11/programs/vf0342.npk	refuse:TYPE-007	-
vf0342b	VERIFICATION	342	rule	m11/programs/vf0342b.npk	refuse:TYPE-007	-
vf0342c	VERIFICATION	342	rule	m11/programs/vf0342c.npk	refuse:TYPE-007	-
vf0343	VERIFICATION	343	rule	m11/programs/vf0343.npk	refuse:TYPE-007	-
vf0343b	VERIFICATION	343	rule	m11/programs/vf0343b.npk	refuse:TYPE-007	-
vf0344	VERIFICATION	344	rule	m11/programs/vf0344.npk	refuse	-
vf0345	VERIFICATION	345	rule	m11/programs/vf0345.npk	refuse	-
vf0344b	VERIFICATION	344	rule	m11/programs/vf0344b.npk	refuse	-
vf0345c	VERIFICATION	345	rule	m11/programs/vf0345c.npk	refuse	-
vf0346	VERIFICATION	346	rule	m11/programs/vf0346.npk	run:0	-
vf0346b	VERIFICATION	346	rule	m11/programs/vf0346b.npk	refuse	-
vf0347	VERIFICATION	347	rule	m11/programs/vf0347.npk	refuse	-
vf0348	VERIFICATION	348	rule	m11/programs/vf0348.npk	refuse	-
vf0348b	VERIFICATION	348	rule	m11/programs/vf0348b.npk	refuse	-
vf0349	VERIFICATION	349	rule	m11/programs/vf0349.npk	refuse	-
vf0350	VERIFICATION	350	rule	m11/programs/vf0350.npk	refuse	-
vf0350b	VERIFICATION	350	rule	m11/programs/vf0350b.npk	refuse	-
vf0351	VERIFICATION	351	rule	m11/programs/vf0351.npk	run:0	-
vf0354	VERIFICATION	354	rule	m11/programs/vf0354.npk	refuse:TYPE-060	-
vf0355	VERIFICATION	355	rule	m11/programs/vf0355.npk	refuse:TYPE-060	-
vf0355b	VERIFICATION	355	rule	m11/programs/vf0355b.npk	refuse:TYPE-060	-
vf0355c	VERIFICATION	355	rule	m11/programs/vf0355c.npk	refuse:TYPE-060	-
vf0355d	VERIFICATION	355	rule	m11/programs/vf0355d.npk	refuse:TYPE-060	-
vf0355e	VERIFICATION	355	rule	m11/programs/vf0355e.npk	refuse:TYPE-060	-
vf0358	VERIFICATION	358	rule	m11/programs/vf0358.npk	run:0	-
vf0359	VERIFICATION	359	rule	m11/programs/vf0359.npk	refuse:TYPE-060	-
vf0359b	VERIFICATION	359	rule	m11/programs/vf0359b.npk	refuse:TYPE-060	-
vf0362	VERIFICATION	362	rule	m11/programs/vf0362.npk	run:0	-
vf0365	VERIFICATION	365	rule	m11/programs/vf0365.npk	run:0	-
vf0367	VERIFICATION	367	rule	m11/programs/vf0367.npk	refuse:TYPE-061	-
vf0367b	VERIFICATION	367	rule	m11/programs/vf0367b.npk	refuse:TYPE-061	-
vf0367c	VERIFICATION	367	rule	m11/programs/vf0367c.npk	refuse:TYPE-061	-
vf0370	VERIFICATION	370	rule	m11/programs/vf0370.npk	refuse:TYPE-061	-
vf0372	VERIFICATION	372	rule	m11/programs/vf0372.npk	refuse:TYPE-061	-
vf0372b	VERIFICATION	372	rule	m11/programs/vf0372b.npk	refuse:TYPE-061	-
vf0373	VERIFICATION	373	rule	m11/programs/vf0373.npk	refuse:TYPE-061	-
vf0374	VERIFICATION	374	rule	m11/programs/vf0374.npk	refuse	-
vf0374b	VERIFICATION	374	rule	m11/programs/vf0374b.npk	refuse	-
vf0377	VERIFICATION	377	rule	m11/programs/vf0377.npk	run:115	-
vf0378	VERIFICATION	378	rule	m11/programs/vf0378.npk	run:116	-
vf0378b	VERIFICATION	378	rule	m11/programs/vf0378b.npk	run:117	-
vf0380	VERIFICATION	380	rule	m11/programs/vf0380.npk	run:115	-
vf0381	VERIFICATION	381	rule	m11/programs/vf0381.npk	ir:^define [^\n]*@"npk\.vf0381\.half\.req"\(	-
vf0384	VERIFICATION	384	rule	m11/programs/vf0384.npk	ir:^define [^\n]*@"npk\.vf0384\.half\.body"\(	-
vf0385	VERIFICATION	385	rule	m11/programs/vf0385.npk	run:115	-
vf0387	VERIFICATION	387	rule	m11/programs/vf0387.npk	run:115	-
vf0387b	VERIFICATION	387	rule	m11/programs/vf0387b.npk	run:115	-
vf0388	VERIFICATION	388	rule	m11/programs/vf0388.npk	run:116	-
vf0388b	VERIFICATION	388	rule	m11/programs/vf0388b.npk	run:116	-
vf0389	VERIFICATION	389	rule	m11/programs/vf0389.npk	run:0	-
vf0390	VERIFICATION	390	rule	m11/programs/vf0390.npk	run:0	-
vf0393	VERIFICATION	393	rule	m11/programs/vf0393.npk	refuse:REACH-004	-
vf0395	VERIFICATION	395	rule	m11/programs/vf0395.npk	run:70	-
vf0397	VERIFICATION	397	rule	m11/programs/vf0397.sh	sh:0	-
vf0398	VERIFICATION	398	rule	m11/programs/vf0398.sh	sh:0	-
vf0400	VERIFICATION	400	rule	m11/programs/vf0400.sh	sh:0	-
vf0405	VERIFICATION	405	rule	m11/programs/vf0405.sh	sh:0	-
vf0413	VERIFICATION	413	rule	m11/programs/vf0413.sh	sh:0	-
vf0417	VERIFICATION	417	rule	m11/programs/vf0417.npk	run:115	-
vf0418	VERIFICATION	418	rule	m11/programs/vf0418.npk	run:97	-
vf0422	VERIFICATION	422	rule	m11/programs/vf0422.sh	sh:0	-
vf0429	VERIFICATION	429	rule	m11/programs/vf0429.npk	run:115	-
vf0437	VERIFICATION	437	rule	m11/programs/vf0437.npk	refuse	-
vf0437b	VERIFICATION	437	rule	m11/programs/vf0437b.npk	refuse	-
vf0439	VERIFICATION	439	example	m11/programs/vf0439.npk	run:0	-
vf0453	VERIFICATION	453	rule	m11/programs/vf0453.npk	run:117	-
vf0453b	VERIFICATION	453	rule	m11/programs/vf0453b.npk	run:117	-
vf0453c	VERIFICATION	453	rule	m11/programs/vf0453c.npk	run:117	-
vf0453d	VERIFICATION	453	rule	m11/programs/vf0453d.npk	run:117	-
vf0453e	VERIFICATION	453	rule	m11/programs/vf0453e.npk	refuse	-
vf0455	VERIFICATION	455	example	m11/programs/vf0455.npk	run:0	-
vf0473	VERIFICATION	473	rule	m11/programs/vf0473.npk	run:117	-
vf0474	VERIFICATION	474	rule	m11/programs/vf0474.npk	run:0	-
vf0477	VERIFICATION	477	rule	m11/programs/vf0477.npk	run:117	-
vf0478	VERIFICATION	478	rule	m11/programs/vf0478.npk	run:117	-
vf0479	VERIFICATION	479	rule	m11/programs/vf0479.npk	run:117	-
vf0481	VERIFICATION	481	rule	m11/programs/vf0481.sh	sh:0	-
vf0492	VERIFICATION	492	rule	m11/programs/vf0492.npk	run:0	-
vf0496	VERIFICATION	496	rule	m11/programs/vf0496.npk	run:0	-
vf0499	VERIFICATION	499	rule	m11/programs/vf0499.npk	run:0	-
vf0500	VERIFICATION	500	rule	m11/programs/vf0500.npk	run:113	-
vf0500b	VERIFICATION	500	rule	m11/programs/vf0500b.sh	sh:0	-
vf0501	VERIFICATION	501	rule	m11/programs/vf0501.npk	refuse:TYPE-068	-
vf0509	VERIFICATION	509	example	m11/programs/vf0509.npk	run:0	-
vf0514	VERIFICATION	514	rule	m11/programs/vf0514.npk	refuse:TYPE-073	-
vf0514b	VERIFICATION	514	rule	m11/programs/vf0514b.npk	refuse:TYPE-073	-
vf0515	VERIFICATION	515	rule	m11/programs/vf0515.npk	refuse:TYPE-060	-
vf0516	VERIFICATION	516	rule	m11/programs/vf0516.npk	refuse	-
vf0516b	VERIFICATION	516	rule	m11/programs/vf0516b.npk	refuse	-
vf0517	VERIFICATION	517	rule	m11/programs/vf0517.npk	refuse:TYPE-072	-
vf0517b	VERIFICATION	517	rule	m11/programs/vf0517b.npk	refuse:TYPE-072	-
vf0517c	VERIFICATION	517	rule	m11/programs/vf0517c.npk	refuse:TYPE-072	-
vf0519	VERIFICATION	519	rule	m11/programs/vf0519.npk	refuse:TYPE-072	-
vf0519b	VERIFICATION	519	rule	m11/programs/vf0519b.npk	refuse:TYPE-072	-
vf0519c	VERIFICATION	519	rule	m11/programs/vf0519c.npk	refuse:TYPE-072	-
vf0520	VERIFICATION	520	rule	m11/programs/vf0520.npk	refuse:TYPE-072	-
vf0520b	VERIFICATION	520	rule	m11/programs/vf0520b.npk	refuse:TYPE-072	-
vf0522	VERIFICATION	522	rule	m11/programs/vf0522.npk	run:0	-
vf0524	VERIFICATION	524	rule	m11/programs/vf0524.npk	run:109	-
vf0525	VERIFICATION	525	rule	m11/programs/vf0525.npk	run:109	-
vf0526	VERIFICATION	526	rule	m11/programs/vf0526.npk	run:0	-
vf0525b	VERIFICATION	525	rule	m11/programs/vf0525b.npk	run:0	-
vf0528	VERIFICATION	528	rule	m11/programs/vf0528.npk	run:109	-
vf0529	VERIFICATION	529	rule	m11/programs/vf0529.npk	run:0	-
vf0531	VERIFICATION	531	rule	m11/programs/vf0531.sh	sh:0	-
vf0548	VERIFICATION	548	rule	m11/programs/vf0548.sh	sh:0	-
vf0551	VERIFICATION	551	rule	m11/programs/vf0551.npk	run:0	-
vf0552	VERIFICATION	552	rule	m11/programs/vf0552.npk	run:0	-
vf0552b	VERIFICATION	552	rule	m11/programs/vf0552b.npk	run:109	-
vf0557	VERIFICATION	557	rule	m11/programs/vf0557.npk	refuse:TYPE-075	-
vf0562	VERIFICATION	562	rule	m11/programs/vf0562.npk	refuse:TYPE-074	-
vf0564	VERIFICATION	564	rule	m11/programs/vf0564.npk	refuse:TYPE-075	-
vf0565	VERIFICATION	565	rule	m11/programs/vf0565.npk	refuse:TYPE-073	-
vf0568	VERIFICATION	568	rule	m11/programs/vf0568.npk	run:0	-
vf0569	VERIFICATION	569	rule	m11/programs/vf0569.npk	ir:^define [^\n]*\bi128 @"npk\.vf0569\.fact\.measure"\(	-
vf0577	VERIFICATION	577	rule	m11/programs/vf0577.npk	run:109	-
vf0578	VERIFICATION	578	rule	m11/programs/vf0578.npk	run:109	-
vf0580	VERIFICATION	580	rule	m11/programs/vf0580.npk	refuse	-
vf0582	VERIFICATION	582	rule	m11/programs/vf0582.sh	sh:0	-
vf0595	VERIFICATION	595	rule	m11/programs/vf0595.sh	sh:0	-
vf0607	VERIFICATION	607	rule	m11/programs/vf0607.sh	sh:0	-
vf0634	VERIFICATION	634	rule	m11/programs/vf0634.npk	run:0	-
vf0638	VERIFICATION	638	rule	m11/programs/vf0638.npk	refuse:TYPE-069	-
vf0638b	VERIFICATION	638	rule	m11/programs/vf0638b.npk	refuse:TYPE-069	-
vf0695	VERIFICATION	695	rule	m11/programs/vf0695.sh	sh:0	-
vf0714	VERIFICATION	714	row	m11/programs/vf0714.sh	sh:0	-
vf0715	VERIFICATION	715	row	m11/programs/vf0715.sh	sh:0	-
vf0716	VERIFICATION	716	row	m11/programs/vf0716.sh	sh:0	-
vf0717	VERIFICATION	717	row	m11/programs/vf0717.sh	sh:0	-
vf0718	VERIFICATION	718	row	m11/programs/vf0718.sh	sh:0	-
vf0719	VERIFICATION	719	row	m11/programs/vf0719.sh	sh:0	-
vf0720	VERIFICATION	720	row	m11/programs/vf0720.sh	sh:0	-
vf0721	VERIFICATION	721	row	m11/programs/vf0721.sh	sh:0	-
vf0722	VERIFICATION	722	row	m11/programs/vf0722.sh	sh:0	-
vf0723	VERIFICATION	723	row	m11/programs/vf0723.sh	sh:0	-
vf0724	VERIFICATION	724	row	m11/programs/vf0724.sh	sh:0	-
vf0732	VERIFICATION	732	row	m11/programs/vf0732.sh	sh:0	-
vf0733	VERIFICATION	733	row	m11/programs/vf0733.sh	sh:0	-
vf0734	VERIFICATION	734	row	m11/programs/vf0734.sh	sh:0	-
vf0735	VERIFICATION	735	row	m11/programs/vf0735.sh	sh:0	-
vf0749	VERIFICATION	749	rule	m11/programs/vf0749.sh	sh:0	-
vf0790	VERIFICATION	790	rule	m11/programs/vf0790.npk	refuse:WILDX-001	-
vf0791	VERIFICATION	791	rule	m11/programs/vf0791.npk	refuse:WILDX-002	-
vf0793	VERIFICATION	793	rule	m11/programs/vf0793.npk	run:0	-
vf0794	VERIFICATION	794	rule	m11/programs/vf0794.npk	refuse	-
vf0794b	VERIFICATION	794	rule	m11/programs/vf0794b.npk	refuse	-
vf0794c	VERIFICATION	794	rule	m11/programs/vf0794c.npk	refuse	-
vf0795	VERIFICATION	795	rule	m11/programs/vf0795.npk	run:96	-
vf0808	VERIFICATION	808	rule	m11/programs/vf0808.sh	sh:0	-
vf0811	VERIFICATION	811	rule	m11/programs/vf0811.sh	sh:0	-
vf0819	VERIFICATION	819	rule	m11/programs/vf0819.npk	refuse	-
vf0828	VERIFICATION	828	rule	m11/programs/vf0828.npk	refuse	-
vf0828b	VERIFICATION	828	rule	m11/programs/vf0828b.npk	refuse	-
vf0828c	VERIFICATION	828	rule	m11/programs/vf0828c.npk	run:0	-
vf0829	VERIFICATION	829	rule	m11/programs/vf0829.npk	refuse	-
vf0830	VERIFICATION	830	rule	m11/programs/vf0830.npk	refuse	-
vf0831	VERIFICATION	831	rule	m11/programs/vf0831.npk	refuse	-
vf0834	VERIFICATION	834	rule	m11/programs/vf0834.npk	refuse	-
vf0848	VERIFICATION	848	rule	m11/programs/vf0848.sh	sh:0	-
vf0857	VERIFICATION	857	row	m11/programs/vf0857.sh	sh:0	-
vf0857b	VERIFICATION	857	row	m11/programs/vf0857b.npk	run:97	-
vf0857c	VERIFICATION	857	row	m11/programs/vf0857c.sh	sh:0	-
vf0858	VERIFICATION	858	row	m11/programs/vf0858.sh	sh:0	-
vf0858b	VERIFICATION	858	row	m10/programs/v05_min_div_minus_one.npk	run:98	-
vf0858c	VERIFICATION	858	row	m11/programs/vf0858c.sh	sh:0	-
vf0859	VERIFICATION	859	row	m11/programs/vf0859.sh	sh:0	-
vf0859b	VERIFICATION	859	row	m11/programs/vf0859b.sh	sh:0	-
vf0859c	VERIFICATION	859	row	m11/programs/vf0859c.sh	sh:0	-
vf0859d	VERIFICATION	859	row	m11/programs/vf0859d.sh	sh:0	-
vf0859e	VERIFICATION	859	row	m10/programs/o01_int32_add.npk	run:93	-
vf0859f	VERIFICATION	859	row	m10/programs/o04_int32_negate_min.npk	run:93	-
vf0860	VERIFICATION	860	row	m11/programs/vf0860.sh	sh:0	-
vf0860b	VERIFICATION	860	row	m11/programs/vf0860b.sh	sh:0	-
vf0860c	VERIFICATION	860	row	m10/programs/a04_index_negative.npk	run:94	-
vf0860d	VERIFICATION	860	row	m10/programs/a03_index_past_end.npk	run:94	-
vf0860e	VERIFICATION	860	row	m11/programs/vf0860e.sh	sh:0	-
vf0860f	VERIFICATION	860	row	m11/programs/vf0860f.npk	run:94	-
vf0860g	VERIFICATION	860	row	m11/programs/vf0860g.npk	run:94	-
vf0860h	VERIFICATION	860	row	m11/programs/vf0860h.sh	sh:0	-
vf0860i	VERIFICATION	860	row	m11/programs/vf0860i.sh	sh:0	-
vf0861	VERIFICATION	861	row	m11/programs/vf0861.sh	sh:0	-
vf0861b	VERIFICATION	861	row	m10/programs/c11_float_nan_to_int_traps.npk	run:112	-
vf0861c	VERIFICATION	861	row	m10/programs/c12_float_too_big_to_int_traps.npk	run:112	-
vf0861d	VERIFICATION	861	row	m10/programs/c10_float_to_int_truncates.npk	run:0	-
vf0861e	VERIFICATION	861	row	m11/programs/vf0861e.npk	run:112	-
vf0861f	VERIFICATION	861	row	m11/programs/vf0861f.npk	run:0	-
vf0861g	VERIFICATION	861	row	m11/programs/vf0861g.sh	sh:0	-
vf0862	VERIFICATION	862	row	m11/programs/vf0862.sh	sh:0	-
vf0862b	VERIFICATION	862	row	m11/programs/vf0862b.npk	refuse	-
vf0863	VERIFICATION	863	row	m11/programs/vf0863.sh	sh:0	-
vf0863b	VERIFICATION	863	row	m11/programs/vf0863b.npk	run:115	-
vf0864	VERIFICATION	864	row	m11/programs/vf0864.sh	sh:0	-
vf0864b	VERIFICATION	864	row	m11/programs/vf0864b.npk	run:116	-
vf0865	VERIFICATION	865	row	m11/programs/vf0865.sh	sh:0	-
vf0865b	VERIFICATION	865	row	m11/programs/vf0865b.npk	run:117	-
vf0866	VERIFICATION	866	row	m11/programs/vf0866.sh	sh:0	-
vf0866b	VERIFICATION	866	row	m11/programs/vf0866b.npk	run:108	-
vf0866c	VERIFICATION	866	row	m11/programs/vf0866c.sh	sh:0	-
vf0866d	VERIFICATION	866	row	m11/programs/vf0866d.sh	sh:0	-
vf0867	VERIFICATION	867	row	m11/programs/vf0867.sh	sh:0	-
vf0867b	VERIFICATION	867	row	m11/programs/vf0867b.sh	sh:0	-
vf0867c	VERIFICATION	867	row	m11/programs/vf0867c.npk	run:108	-
vf0868	VERIFICATION	868	row	m11/programs/vf0868.sh	sh:0	-
vf0868b	VERIFICATION	868	row	m11/programs/vf0868b.sh	sh:0	-
vf0868c	VERIFICATION	868	row	m11/programs/vf0868c.sh	sh:0	-
vf0868d	VERIFICATION	868	row	m11/programs/vf0868d.npk	run:109	-
vf0868e	VERIFICATION	868	row	m11/programs/vf0868e.sh	sh:0	-
vf0868f	VERIFICATION	868	row	m11/programs/vf0868f.npk	run:109	-
vf0869	VERIFICATION	869	row	m11/programs/vf0869.sh	sh:0	-
vf0870	VERIFICATION	870	row	m11/programs/vf0870.sh	sh:0	-
vf0870b	VERIFICATION	870	row	m10/programs/m12_tbb_compare_on_err_traps.npk	run:110	-
vf0870c	VERIFICATION	870	row	m11/programs/vf0870c.npk	run:110	-
vf0870d	VERIFICATION	870	row	m11/programs/vf0870d.npk	run:110	-
vf0870e	VERIFICATION	870	row	m11/programs/vf0870e.npk	run:110	-
vf0870f	VERIFICATION	870	row	m11/programs/vf0870f.sh	sh:0	-
vf0870g	VERIFICATION	870	row	m10/programs/v18_tbb_div_by_zero_is_err.npk	run:0	-
vf0871	VERIFICATION	871	row	m11/programs/vf0871.sh	sh:0	-
vf0872	VERIFICATION	872	row	m11/programs/vf0872.sh	sh:0	-
vf0872b	VERIFICATION	872	row	m10/programs/l21_zero_step_computed_traps.npk	run:113	-
vf0872c	VERIFICATION	872	row	m10/programs/l19_zero_step_literal_refused.npk	refuse:NITPICK-TYPE-068	-
vf0873	VERIFICATION	873	row	m11/programs/vf0873.sh	sh:0	-
vf0873b	VERIFICATION	873	row	m10/programs/s04_shift_amount_equals_width.npk	run:111	-
vf0873c	VERIFICATION	873	row	m10/programs/s07_shift_literal_amount_refused.npk	refuse:NITPICK-TYPE-070	-
vf0873d	VERIFICATION	873	row	m11/programs/vf0873d.sh	sh:0	-
vf0874	VERIFICATION	874	row	m11/programs/vf0874.sh	sh:0	-
vf0874b	VERIFICATION	874	row	m11/programs/vf0874b.npk	run:0	-
vf0875	VERIFICATION	875	row	m11/programs/vf0875.sh	sh:0	-
vf0875b	VERIFICATION	875	row	m11/programs/vf0875b.npk	refuse	-
vf0876	VERIFICATION	876	row	m11/programs/vf0876.sh	sh:0	-
vf0876b	VERIFICATION	876	row	m11/programs/vf0876b.npk	run:114	-
vf0876c	VERIFICATION	876	row	m11/programs/vf0876c.npk	refuse:BORROW-013	-
vf0877b	VERIFICATION	877	row	m11/programs/vf0877b.sh	sh:0	-
vf0878b	VERIFICATION	878	row	m11/programs/vf0878b.sh	sh:0	-
vf0886	VERIFICATION	886	rule	m10/programs/c03_narrow_signed_refused.npk	refuse	-
vf0888	VERIFICATION	888	rule	m11/programs/vf0888.npk	ir:@npk_trap\(i32 -?4117\)	-
vf0895	VERIFICATION	895	rule	m11/programs/vf0895.sh	sh:0	-
vf0902	VERIFICATION	902	rule	m11/programs/vf0902.sh	sh:0	-
vf0908	VERIFICATION	908	rule	m11/programs/vf0908.sh	sh:0	-
vf0912	VERIFICATION	912	rule	m11/programs/vf0912.sh	sh:0	-
vf0919	VERIFICATION	919	rule	m11/programs/vf0919.npk	run:70	-
vf0920	VERIFICATION	920	rule	m11/programs/vf0920.npk	refuse:REACH-004	-
vf0925	VERIFICATION	925	rule	m11/programs/vf0925.sh	sh:0	-
vf0927	VERIFICATION	927	rule	m11/programs/vf0927.npk	ir:^define [^\n]*narrow\.body"?\(	-
vf0928	VERIFICATION	928	rule	m11/programs/vf0928.npk	ir:tail call [^\n]*narrow\.body	-
vf0929	VERIFICATION	929	rule	m11/programs/vf0929.npk	ir!:(?s)call [^\n]*narrow\.body"?\(.*call [^\n]*narrow\.body"?\(	-
vf0931	VERIFICATION	931	rule	m11/programs/vf0931.sh	sh:0	-
vf0937	VERIFICATION	937	rule	m11/programs/vf0937.sh	sh:0	-
vf0940	VERIFICATION	940	rule	m11/programs/vf0940.sh	sh:0	-
vf0941	VERIFICATION	941	rule	m11/programs/vf0941.sh	sh:0	-
vf0941b	VERIFICATION	941	rule	m11/programs/vf0941b.sh	sh:0	-
vf0942	VERIFICATION	942	rule	m11/programs/vf0942.sh	sh:0	-
vf0944	VERIFICATION	944	rule	m10/programs/l22_negative_step_computed_traps.npk	run:113	-
vf0946	VERIFICATION	946	rule	m11/programs/vf0946.sh	sh:0	-
vf0953	VERIFICATION	953	rule	m10/programs/m13_tbb_err_sticky.npk	run:0	-
vf0955	VERIFICATION	955	rule	m10/programs/v18_tbb_div_by_zero_is_err.npk	run:0	-
vf0956	VERIFICATION	956	rule	m11/programs/vf0956.npk	run:0	-
vf0957	VERIFICATION	957	rule	m11/programs/vf0957.npk	ir:@npk_trap\(i32 -4100\)	-
vf0958	VERIFICATION	958	rule	m11/programs/vf0958.npk	run:110	-
vf0961	VERIFICATION	961	rule	m11/programs/vf0961.sh	sh:0	-
vf0962	VERIFICATION	962	rule	m11/programs/vf0962.sh	sh:0	-
vf0963	VERIFICATION	963	rule	m11/programs/vf0963.npk	run:110	-
vf0965	VERIFICATION	965	rule	m11/programs/vf0965.sh	sh:0	-
vf0966	VERIFICATION	966	rule	m11/programs/vf0966.sh	sh:0	-
vf0967	VERIFICATION	967	rule	m11/programs/vf0967.npk	run:108	-
vf0975	VERIFICATION	975	rule	m11/programs/vf0975.sh	sh:0	-
vf0977	VERIFICATION	977	rule	m11/programs/vf0977.sh	sh:0	-
vf0979	VERIFICATION	979	rule	m11/programs/vf0979.sh	sh:0	-
vf0980	VERIFICATION	980	rule	m11/programs/vf0980.sh	sh:0	-
vf0981	VERIFICATION	981	rule	m11/programs/vf0981.npk	run:0	-
vf0983	VERIFICATION	983	rule	m11/programs/vf0983.npk	run:0	-
vf0987	VERIFICATION	987	rule	m11/programs/vf0987.sh	sh:0	-
vf0989	VERIFICATION	989	rule	m11/programs/vf0989.sh	sh:0	-
vf0990	VERIFICATION	990	rule	m11/programs/vf0990.sh	sh:0	-
vf0992	VERIFICATION	992	rule	m11/programs/vf0992.sh	sh:0	-
vf0996	VERIFICATION	996	rule	m11/programs/vf0996.sh	sh:0	-
vf1001	VERIFICATION	1001	rule	m11/programs/vf1001.sh	sh:0	-
vf1007	VERIFICATION	1007	rule	m11/programs/vf1007.sh	sh:0	-
vf1015	VERIFICATION	1015	rule	m11/programs/vf1015.sh	sh:0	-
vf1029	VERIFICATION	1029	rule	m11/programs/vf1029.sh	sh:0	-
vf1031	VERIFICATION	1031	rule	m11/programs/vf1031.sh	sh:0	-
vf1032	VERIFICATION	1032	rule	m11/programs/vf1032.sh	sh:0	-
vf1033	VERIFICATION	1033	rule	m11/programs/vf1033.sh	sh:0	-
vf1034	VERIFICATION	1034	rule	m11/programs/vf1034.sh	sh:0	-
vf1036	VERIFICATION	1036	rule	m11/programs/vf1036.sh	sh:0	-
vf1037	VERIFICATION	1037	rule	m11/programs/vf1037.sh	sh:0	-
vf1050	VERIFICATION	1050	rule	m11/programs/vf1050.npk	run:97	-
vf1063	VERIFICATION	1063	rule	m11/programs/vf1063.sh	sh:0	-
vf1065	VERIFICATION	1065	rule	m11/programs/vf1065.sh	sh:0	-
vf1069	VERIFICATION	1069	rule	m10/programs/s06_right_shift_amount_width.npk	run:111	-
vf1071	VERIFICATION	1071	rule	m11/programs/vf1071.npk	refuse:NITPICK-TYPE-070	-
vf1072	VERIFICATION	1072	rule	m11/programs/vf1072.npk	refuse:NITPICK-TYPE-070	-
vf1073	VERIFICATION	1073	rule	m10/programs/s05_shift_amount_negative.npk	run:111	-
vf1074	VERIFICATION	1074	rule	m11/programs/vf1074.npk	ir:@npk_trap\(i32 -4115\)	-
vf1075	VERIFICATION	1075	rule	m11/programs/vf1075.sh	sh:0	-
vf1081	VERIFICATION	1081	rule	m11/programs/vf1081.sh	sh:0	-
vf1090	VERIFICATION	1090	rule	m11/programs/vf1090.sh	sh:0	-
vf1095	VERIFICATION	1095	rule	m11/programs/vf1095.sh	sh:0	-
vf1096	VERIFICATION	1096	rule	m11/programs/vf1096.sh	sh:0	-
vf1103	VERIFICATION	1103	rule	m11/programs/vf1103.sh	sh:0	-
vf1123	VERIFICATION	1123	rule	m10/programs/m13_tbb_err_sticky.npk	run:0	-
vf1126	VERIFICATION	1126	rule	m11/programs/vf1126.npk	run:0	-
vf1128	VERIFICATION	1128	rule	m11/programs/vf1128.npk	run:0	-
vf1132	VERIFICATION	1132	rule	m11/programs/vf1132.sh	sh:0	-
vf1133	VERIFICATION	1133	rule	m10/programs/v18_tbb_div_by_zero_is_err.npk	run:0	-
vf1134	VERIFICATION	1134	rule	m11/programs/vf1134.sh	sh:0	-
vf1136	VERIFICATION	1136	rule	m11/programs/vf1136.npk	run:108	-
vf1137	VERIFICATION	1137	rule	m11/programs/vf1137.sh	sh:0	-
vf1138	VERIFICATION	1138	rule	m11/programs/vf1138.npk	run:110	-
vf1144	VERIFICATION	1144	rule	m11/programs/vf1144.sh	sh:0	-
vf1146	VERIFICATION	1146	rule	m11/programs/vf1146.npk	run:0	-
vf1149	VERIFICATION	1149	rule	m11/programs/vf1149.npk	run:0	-
vf1151	VERIFICATION	1151	rule	m11/programs/vf1151.npk	run:0	-
vf1153	VERIFICATION	1153	rule	m11/programs/vf1153.sh	sh:0	-
vf1158	VERIFICATION	1158	rule	m11/programs/vf1158.npk	run:0	-
vf1159	VERIFICATION	1159	rule	m11/programs/vf1159.sh	sh:0	-
vf1162	VERIFICATION	1162	rule	m11/programs/vf1162.sh	sh:0	-
vf1172	VERIFICATION	1172	rule	m11/programs/vf1172.sh	sh:0	-
vf1176	VERIFICATION	1176	rule	m11/programs/vf1176.sh	sh:0	-
vf1183	VERIFICATION	1183	rule	m11/programs/vf1183.sh	sh:0	-
vf1198	VERIFICATION	1198	rule	m11/programs/vf1198.sh	sh:0	-
vf1201	VERIFICATION	1201	rule	m11/programs/vf1201.npk	run:0	-
vf1209	VERIFICATION	1209	rule	m11/programs/vf1209.sh	sh:0	-
vf1211	VERIFICATION	1211	rule	m11/programs/vf1211.sh	sh:0	-
vf1213	VERIFICATION	1213	rule	m11/programs/vf1213.sh	sh:0	-
vf1220	VERIFICATION	1220	rule	m11/programs/vf1220.sh	sh:0	-
vf1228	VERIFICATION	1228	rule	m11/programs/vf1228.sh	sh:0	-
vf1228b	VERIFICATION	1228	rule	m11/programs/vf1228b.sh	sh:0	-
vf1229	VERIFICATION	1229	rule	m11/programs/vf1229.sh	sh:0	-
vf1230	VERIFICATION	1230	rule	m11/programs/vf1230.npk	run:108	-
vf1232	VERIFICATION	1232	rule	m10/programs/o22_simd_lane_overflow.npk	run:93	-
vf1244	VERIFICATION	1244	rule	m11/programs/vf1244.sh	sh:0	-
vf1245	VERIFICATION	1245	rule	m11/programs/vf1245.sh	sh:0	-
